:020000040000fa
:04005c00500300004d
:020000040000fa
:040010005003000099
:020000040000fa
:04025c00500300004b
:020000040000fa
:040210005003000097
:020000040000fa
:040274005003000033
:020000040000fa
:040334005003000072
:020000040000fa
:040270005003000037
:020000040000fa
:04022c00500300007b
:020000040000fa
:04023c00500300006b
:020000040000fa
:0402bc0050030000eb
:020000040000fa
:0402c00050030000e7
:020000040000fa
:0402c40050030000e3
:020000040000fa
:04022800500300007f
:020000040000fa
:04027800500300002f
:020000040000fa
:04029c00500300000b
:020000040000fa
:040260005003000047
:020000040000fa
:040264005003000043
:020000040000fa
:04027c00500300002b
:020000040000fa
:040280005003000027
:020000040000fa
:040284005003000023
:020000040000fa
:04028800500300001f
:020000040000fa
:0402b00050030000f7
:020000040000fa
:0402b40050030000f3
:020000040000fa
:0402b80050030000ef
:020000040000fa
:04023800500300006f
:020000040000fa
:0402c80050030000df
:020000040000fa
:0402d00050030000d7
:020000040000fa
:0402d40050030000d3
:020000040000fa
:0402d80050030000cf
:020000040000fa
:0402e00050030000c7
:020000040000fa
:0402e40050030000c3
:020000040000fa
:0402e80050030000bf
:020000040000fa
:0402f40050030000b3
:020000040000fa
:0402f80050030000af
:020000040000fa
:0402fc0050030000ab
:020000040000fa
:0403000050030000a6
:020000040000fa
:0403040050030000a2
:020000040000fa
:04030800500300009e
:020000040000fa
:04030c00500300009a
:020000040000fa
:040310005003000096
:020000040000fa
:040314005003000092
:020000040000fa
:04031800500300008e
:020000040000fa
:04031c00500300008a
:020000040000fa
:040324005003000082
:020000040000fa
:04032800500300007e
:020000040000fa
:04033800500300006e
:020000040000fa
:04033c00500300006a
:020000040000fa
:040340005003000066
:020000040000fa
:040344005003000062
:020000040000fa
:04034800500300005e
:020000040000fa
:04026c00500300003b
:020000040000fa
:0402f0002a030000dd
:020000040000fa
:04021800500300008f
:020000040000fa
:040230005003000077
:020000040000fa
:040240005003000067
:020000040000fa
:04028c00500300001b
:020000040000fa
:040290005003000017
:020000040000fa
:0402cc0050030000db
:020000040000fa
:04020c00500300009b
:020000040000fa
:0402dc0050030000cb
:020000040000fa
:040320005003000086
:020000040000fa
:04020800500300009f
:020000040000fa
:04021c00500300008b
:020000040000fa
:040220005003000087
:020000040000fa
:040224005003000083
:020000040000fa
:04026800500300003f
:020000040000fa
:0402ec000403000007
:020000040000fa
:04024c00500300005b
:020000040000fa
:040250005003000057
:020000040000fa
:0402a80050030000ff
:020000040000fa
:0402ac0050030000fb
:020000040000fa
:040214005003000093
:020000040000fa
:040234005003000073
:020000040000fa
:040244005003000063
:020000040000fa
:04024800500300005f
:020000040000fa
:04029400dc02000088
:020000040000fa
:04029800500300000f
:020000040000fa
:04032c00500300007a
:020000040000fa
:040254005003000053
:020000040000fa
:04025800500300004f
:020000040000fa
:040330005003000076
:020000040000fa
:0402a0005003000007
:020000040000fa
:0402a4005003000003
:020000040000fa
:040074005003000035
:020000040000fa
:040134005003000074
:020000040000fa
:040070005003000039
:020000040000fa
:04002c00500300007d
:020000040000fa
:04003c00500300006d
:020000040000fa
:0400bc0050030000ed
:020000040000fa
:0400c00050030000e9
:020000040000fa
:0400c40050030000e5
:020000040000fa
:040028005003000081
:020000040000fa
:040078005003000031
:020000040000fa
:04009c00500300000d
:020000040000fa
:040060005003000049
:020000040000fa
:040064005003000045
:020000040000fa
:04007c00500300002d
:020000040000fa
:040080005003000029
:020000040000fa
:040084005003000025
:020000040000fa
:040088005003000021
:020000040000fa
:0400b00050030000f9
:020000040000fa
:0400b40050030000f5
:020000040000fa
:0400b80050030000f1
:020000040000fa
:040038005003000071
:020000040000fa
:0400c80050030000e1
:020000040000fa
:0400d00050030000d9
:020000040000fa
:0400d40050030000d5
:020000040000fa
:0400d80050030000d1
:020000040000fa
:0400e00050030000c9
:020000040000fa
:0400e40050030000c5
:020000040000fa
:0400e80050030000c1
:020000040000fa
:0400f40050030000b5
:020000040000fa
:0400f80050030000b1
:020000040000fa
:0400fc0050030000ad
:020000040000fa
:0401000050030000a8
:020000040000fa
:0401040050030000a4
:020000040000fa
:0401080050030000a0
:020000040000fa
:04010c00500300009c
:020000040000fa
:040110005003000098
:020000040000fa
:040114005003000094
:020000040000fa
:040118005003000090
:020000040000fa
:04011c00500300008c
:020000040000fa
:040124005003000084
:020000040000fa
:040128005003000080
:020000040000fa
:040138005003000070
:020000040000fa
:04013c00500300006c
:020000040000fa
:040140005003000068
:020000040000fa
:040144005003000064
:020000040000fa
:040148005003000060
:020000040000fa
:04006c00500300003d
:020000040000fa
:040018005003000091
:020000040000fa
:040030005003000079
:020000040000fa
:040040005003000069
:020000040000fa
:04008c00500300001d
:020000040000fa
:040090005003000019
:020000040000fa
:0400cc0050030000dd
:020000040000fa
:04000c00500300009d
:020000040000fa
:0400dc0050030000cd
:020000040000fa
:040120005003000088
:020000040000fa
:0400080050030000a1
:020000040000fa
:04001c00500300008d
:020000040000fa
:040020005003000089
:020000040000fa
:040024005003000085
:020000040000fa
:040068005003000041
:020000040000fa
:04004c00500300005d
:020000040000fa
:040050005003000059
:020000040000fa
:0400a8005003000001
:020000040000fa
:0400ac0050030000fd
:020000040000fa
:040014005003000095
:020000040000fa
:040034005003000075
:020000040000fa
:040044005003000065
:020000040000fa
:040048005003000061
:020000040000fa
:040098005003000011
:020000040000fa
:04012c00500300007c
:020000040000fa
:040054005003000055
:020000040000fa
:040058005003000051
:020000040000fa
:040130005003000078
:020000040000fa
:0400a0005003000009
:020000040000fa
:0400a4005003000005
:020000040000fa
:080000000002040000000000f2
:020000040000fa
:100400002fd720000e7f22000e0188000000000080
:10041000000020000000e000020032000001200087
:1004200020028800140007009f0007000000e00081
:1004300003003a00005925000100200002003700a7
:100440000000200001002000810f70000100320038
:1004500014000700000020000000e000020032004d
:1004600000000200000000003a58020000000000f6
:100470000040da000000fe004440a9008001200096
:100480000000e0000300320000002000a00188000e
:100490004440a800000006008a1f78008b1f7800e7
:1004a0000000060091018800800478000000eb0045
:1004b0001a003700e284440032a0b4009905ba0063
:1004c000e284440032a0b4009906ba00e2844400f9
:1004d00032a0b4000006eb00476fde00fd07b2005b
:1004e000636ce10003003a00ebff07000000eb0043
:1004f0000a003700606ce10004003a00005deb0088
:100500008b05e900fdff3e00040037006168e10053
:10051000010032000086eb000b00070019c7ba008b
:100520001905ba000e04e00003003a000a00e000da
:10053000e0ff3a0000000600fe07b2009e018800be
:100540008a047800f5ff3700395dba008b05e900b1
:100550000c003200295dba008b05e900080032006a
:100560000c00e00003003a00e284440032a0b40032
:10057000f5ff370019ddba008b05e900faff3a00f4
:100580008904e800e184440032a0b40000000600c1
:10059000000000000000000000000000000000005b
:1005a000000000000000000000000000000000004b
:1005b00000000000000000003600f800809fbe0030
:1005c000829fbe00849fbe00869fbe003400f8005c
:1005d00000002000a00188000000fa008760a90048
:1005e00080418000000001000080fa003400f90022
:1005f0004f03be004f02be004f01be004f00be00c1
:100600003600f900004006003600f800809fbe006a
:10061000829fbe00849fbe00869fbe003400f8000b
:1006200000002000a00188000000fa008a20a90034
:10063000dd2507000080fa003400f9004f03be00fa
:100640004f02be004f01be004f00be003600f90051
:10065000004006003600f800809fbe00829fbe006a
:10066000849fbe00869fbe003400f800000020007a
:10067000a00188000000fa008a40a900ea250700ce
:100680000080fa003400f9004f03be004f02be00a4
:100690004f01be004f00be003600f90000400600ca
:1006a0000040da000000fe0000000500f4ff2f000b
:1006b000ab0337000001be003f0007000470a70035
:1006c00003f0a1006509b100160032000d003500ed
:1006d0006828e10006003500f0ff2f00f1ff270039
:1006e0000300e00013003b000100280000000500ab
:1006f00000004000818048008502e900fcff3a00cc
:1007000008003700f88f420002003c008000eb0038
:10071000000005008100d1000080d3008502e800c0
:10072000fcff3a000300e00002003b006000100004
:10073000e0801800000006000001be001e00070057
:100740000470a70003f0a10003f8a30013003a000f
:100750006509b10010003200090035006928e10088
:1007600002003500010028000000050000004000e4
:10077000818048008502e900fcff3a000000060085
:10078000f88f4200050035008100d1000080d300c1
:100790008502e800fcff3a00000006008000eb0044
:1007a000000005004f89de008201780087033700d2
:1007b0006011b80095033700c70ade00f107b200e8
:1007c000f50fb20008003200e1cf42000200320013
:1007d0000170a00024000500810f700001003200ac
:1007e0000408050044000500810f700002003a0073
:1007f000140005008502e9000000400081c04800a7
:10080000fcff3b000170a0002400050007f8270052
:10081000078361000638e10004003a00f707200072
:10082000878361008703710001003a0003f0a20092
:10083000889fbe008a9fbe008c9fbe00470ade00d4
:100840000480a100c71ade000580a100070028006f
:100850000785600087856100f70f20000720e10011
:100860009e0032000728e1009c003200010678005b
:100870000400e000b4003200f70720008780600029
:100880000170a0000500e000c0003200f707200062
:10089000878161000370a000050652000f003a0036
:1008a0000b50e1000b0032000308e10002003a00a7
:1008b0000200e1007e0032000204500083845800f0
:1008c000040031000001fd008101fd008402fd00f3
:1008d0008a05fd006044b800210037000520e100d2
:1008e00005003d000001fd008101fd008402fd00c6
:1008f0008a05fd00050652007a60e100050035001a
:100900000170a1004722dd00848070008a807000a1
:10091000630037006044b800ef02660007ff2f0055
:10092000070666000500e00006003400f0831200b0
:100930008714dd000511de00071bdd0006017100d4
:100940008519de007060e1000500350009047800bb
:1009500082047800030178008001eb0070065600e5
:100960000b50e10003003a00020040008380480081
:100970000400370060041400e0841c0002005800ea
:10098000838058000188a300060032008100d10056
:100990000080d3008984d3000884d3000402e800d7
:1009a000270037000178a30025003a000100e0008d
:1009b000030032008186cf00698656000a003700a6
:1009c0008c0020000000e00004003a0009007800dc
:1009d000880478000004eb00700252008086cf008b
:1009e0000d0646000c06e9007060e10006003500c7
:1009f0008000780009007800880478000004eb008b
:100a000070065600700252000c00e0000c0034002a
:100a10008c08dd00f00316000703de0086807000fe
:100a20000c00dd00074bde00060070008c4cdd0082
:100a30000743de00868474000c44dd000c02520083
:100a40006120e100200035006101600007002800fe
:100a500087816400f7ff2700878364000703740021
:100a60000300e0000600320082037300040032003d
:100a70000000e800e08048000188a3000e003a0072
:100a8000f70f20000720e1004a003d000170a1009f
:100a90004722dd00810072008a8070000000be00e5
:100aa0004f06be004f05be004f04be00000006000a
:100ab0006000b800faff37008100d1000080d30049
:100ac0000402e800eeff3700040178008901740099
:100ad000a10107008a807000f1ff3700f7010700cd
:100ae000070278000001fd008101fd00f30107000d
:100af00087027800850372000778a30004003200a3
:100b00000001fd008101fd0006020700e4ff37003f
:100b1000850362000768a300080032000b50e10063
:100b200003003200f0ff2f00f1ff2700dcff370049
:100b30000001fd008101fd00d9ff37000468a3001a
:100b4000d7ff3200faff3700f8ff270088836000e4
:100b50000b003a000000e00009003a008303640043
:100b600082837300020032000200be00ccff370017
:100b70000b50e100ceff3a000200be00c8ff370074
:100b800014002000810064003eff3700f8ff2700ba
:100b90008883610004003a000200e00002003a008d
:100ba0008c007800beff3700150020008301640030
:100bb00039ff370001f82700000020008100750090
:100bc000b7ff3700889fbe008a9fbe008c9fbe0083
:100bd0001b0020000202be000586680006002800f7
:100be000060666004709de00f20fb20082003200fe
:100bf0000243e80080003200c729de00f30fb20094
:100c00007d0032000343e8007b003200f107b200b0
:100c10000170a000f507b2000570a000c708dd0054
:100c20004903de00868070004700dd00c72add0032
:100c30004923de00868272004722dd000305510051
:100c40000403500085835800030031000000400079
:100c5000818048000a05e9008c1f78008a9fbe0049
:100c600004005000858058000402420085824a003a
:100c700000004000818048000005eb000004be0039
:100c80006033b8000406be000d48e1005600310094
:100c9000110009004dccd8000c01b8000d02b800bd
:100ca0008481410060824a008283530003045c0017
:100cb00084845c0060055d000a00e00025003a00c5
:100cc000800578000d40e10049003100880078007f
:100cd00007007800110009004d88d8000c01b80009
:100ce0000d02b8008481410060824a006003110057
:100cf00083835b0004045c00e0845c000900e00086
:100d000021003a004f01be000300e0002b0032003a
:100d1000e3016000070673008c817100010032005e
:100d2000640070004200de004e5edd000c007000ca
:100d3000c258de0001e0a00083010700cf01780067
:100d4000818071004f06be004f05be004f04be00fb
:100d5000000006008c8343000d044c00e0844c002e
:100d600060054d000000e9000a00e000d4ff3200f9
:100d70008c8343000d044c00e0844c0060054d0062
:100d80000000e900ceff37000c0343008d834b00c9
:100d900060044c00e0844c000000e9000900e00021
:100da000d8ff32000c0343008d834b0060044c00dd
:100db000e0844c000000e900d2ff37004200de0072
:100dc0004e5edd000c007000c258de0001e0a000a5
:100dd000cf0178000300e000daff3200600010006d
:100de000e0801800d7ff3700f0ff2f00aaff370080
:100df000f0ff2f00b9ff37000404be002f010700e9
:100e0000870678000004fd008104fd002b01070027
:100e1000078366000678a300030032000960a7007c
:100e20000800be002c0037000d78a300020032003d
:100e30000800be00280037000778a30026003a000b
:100e400001f0a10009f0a1000668a3000300320030
:100e5000f1ff2700f0ff2f00baff37000d68a30055
:100e6000030032000800be008c807000b5ff370020
:100e70000768a30007003a000648a30003003200f9
:100e8000f1ff2700f0ff2f00aeff37000d48a30051
:100e9000030032006000b8008c807000a9ff3700aa
:100ea0000748a3000400320001f8270000002000da
:100eb0008c807000a3ff3700760107000004fd005e
:100ec0008104fd0002057800720107000802be00df
:100ed0008a01780059ff37000160a000120220004b
:100ee000c241880097ff37000100e0001200320085
:100ef0000500e00010003200889fbe008a9fbe00ff
:100f00008c9fbe000006eb0001f8a3000300320036
:100f100060001000e08018000cf0a00005f8a300ad
:100f20000300320060021200e0821a000cf0a200fe
:100f30008005eb0041ff37006000b80002000500ab
:100f4000038368000700280007036300470ade00e8
:100f50000480a100c71ade000580a100f70f200061
:100f60000720e100420032000728e1004000320083
:100f7000889fbe008a9fbe008c1f7800f107b200d8
:100f8000f307b2000400e000640032000170a0002a
:100f90000500e000680032000370a00085054200f3
:100fa000eb07b1000204b8000302b80084844400d7
:100fb00060854a00020ab800848444000a854a0019
:100fc000030ab80004054500040033000804d000fb
:100fd0008984d2000a85d2008b05e9006158e100be
:100fe0003d003500021020000901610003082000c7
:100ff00089816100f70720008783640008867300f9
:10100000c84cde00c853dd00878474004855de00fc
:101010000300e00006003200820376000400320084
:101020008904e80060054d000a88a3000c003a001e
:10103000f70f20000758e10044003d000a70a100ae
:10104000c75ddd000a8575008a007300090078001d
:101050004f0678004f05be004f04be00000006009a
:101060000a05d1008984d3008b05e800f0ff370022
:10107000881f7800060478009000070007027800b7
:101080000001fd008101fd008c000700870278004f
:10109000850372000778a300050032000001fd00ff
:1010a0008101fd009f0007004f047800000006004a
:1010b000850372000748a30003003200f0ff2f00f1
:1010c000f1ff2700f8ff37000000200001f827009b
:1010d00088807000f4ff3700880178004848dd0000
:1010e000808171004848de00c850dd0001007000ba
:1010f000c850de00060478000b01780016000700d7
:1011000088807000d2ff37000500e0000500320043
:10111000170020003a0007009dff37008103700090
:10112000f9ff3a00860078004f0678004f05be00b0
:101130004f04be000000050083037100f9ff320078
:10114000270020002e00070094ff370001f8270039
:1011500086807000f4ff37000100e00026003200b6
:10116000610111007810e10023003c006022b8000a
:101170007010e10004003500800278000100780062
:101180008000eb00700151000200e0000900340013
:1011900070031100062add00822ade008603dd00ce
:1011a000878272000200de00860bdd0007007000ff
:1011b0008208de0084817100f4ff2700048262004f
:1011c0008481710004002800848262006102600052
:1011d00005f0a6000000060004827100070032003e
:1011e0000000e800e0804800000006000002be00a9
:1011f0006000b800efff37006000b8000000060094
:10120000889fbe000004eb006138e10016003a0040
:101210000100e00008003a00c800de004800dd00e0
:10122000880020000100e00003003a00c800de0052
:101230004800dd00680444008184cf00e984540044
:10124000060034008908dd00f08314008703de0007
:10125000878070000900dd00090444006102140069
:101260004f04be00000006000300e00008003a0042
:10127000c811de004811dd00880020000300e000f6
:1012800003003a00c811de004811dd006804440084
:101290008384cf00e9845400060034008919dd00fe
:1012a000f08314008713de00878171000911dd00cf
:1012b00009044400e1021400e9ff37002700200080
:1012c00001f0a70017002000470bde00f60fb20068
:1012d000040032000643e8000a0032004702b3006f
:1012e0000000060001037800f607b2000603700054
:1012f00002003a000703b300000006008702b300b3
:101300000000060001037800f607b2000603700033
:10131000020032000770a000000006000760a00075
:10132000000006000478a300040032000578a30042
:10133000030032000168a30001003a000200be0071
:101340000160a0000000060081017000270032004b
:101350008002eb0001f8a3000300320060001000df
:10136000e080180015002000f4072000020242006f
:1013700020003400f70320008703600006042000eb
:101380000003630002082000000161004700de0046
:10139000c909dd0000807100c708de000600e0001a
:1013a0000800320087037100060032001000b00010
:1013b0000180b0000188a30002003200c108de00f5
:1013c0000402e800f107b200f30f20000320e1005f
:1013d00003003d004722dd00810072002900370034
:1013e00001f827000000eb00260037006000b8007d
:1013f00000000600680212007f20e10002003400b5
:101400006000b8001f0037006011b8007020e100d4
:101410000400350080017800010078008000eb00b6
:10142000700252000400e00009003400f0031200d2
:101430000719dd008419de000703dd0086817100d5
:101440000400de00070bdd00060070008408de00eb
:10145000f7ff2700838363008703710006002800dd
:1014600003036300070032000700e00003003a00b6
:101470006101600002817300020032001000b000c0
:101480000180b0000500a6000000060001f0a000e9
:10149000000006004f0ade004709de00f107b20037
:1014a000f20fb2000b003200f207b1000170a00091
:1014b000c708dd00c901de00838070004700dd0041
:1014c0000400a6000000060060001000e080180084
:1014d00000000600810f700001003a0000000600c5
:1014e0008182cf000500e00010003e008082cf0026
:1014f000ee8242007028e1000400390007003e003f
:10150000800078000000eb000e00370070831200ae
:101510008600de000500dd000a00370070835200ff
:101520008600dd000000eb0006003700e28252007a
:101530008508dd00708312000603de0086807000df
:101540000500dd007507b0000501ea000400a600f3
:101550000000060060001000e08018000000060097
:10156000889fbe008a9fbe00841f78007c00070011
:101570004f00780011003300f0ff2f00838f6c00c4
:1015800006003b00040565000a00a70008003700bc
:1015900009f0a6001000200008003700820f540058
:1015a000838f5c00030039001000200001003e0022
:1015b0000000200009f0a7000000ea004f05be006f
:1015c0004f04be000000e00000000600881f780005
:1015d000030478000300e00007003d0060001000f5
:1015e000e080180060011900e081190002003b0052
:1015f00001f02d00030037000400070008f0a700e9
:1016000001f0a0004f04780000000600889fbe0093
:101610008a9fbe0000827000040271000482710083
:10162000260032000004be000200be006011b800b7
:101630006b092000950220000182cf000a003900ca
:101640000541b1000082cf00070039000541b1001b
:101650000982cf00040039000541b1000882cf00a3
:10166000010039000541b10005425200120032006c
:101670000a003b0082817100610164008100d10099
:101680000080d3008984d3000884d3008b05e80050
:101690000442e800f7ff3a0007003700080444005e
:1016a00089844c0000004800818048008b05e900d7
:1016b0000442e900f9ff3a00030007004f05be00ad
:1016c0004f04be000000060081002000618055002c
:1016d0000b003d000b00200061fe2f000100e10027
:1016e0001d00340082817100610164008904d10011
:1016f0000884d3000000e800faff3a0071002000df
:101700006100640003007000020060000900320004
:1017100061044400e0844c000988a5000500320003
:101720008b05e8006808e10002003a008904d10056
:101730000884d300f20f20000258e10005003d00ac
:10174000c75ddd00f907b2008980750008007800e8
:10175000000006000bf827008b0078000000050051
:101760000004be0014fc07000003be000405be0018
:101770000200be0010fc0700844f75000000060048
:101780000000fa0068815700cfb8970051030700a6
:101790000080fa000000060075010700cd01070077
:1017a0007e020700a6020700ff010700a103070051
:1017b0004c0337008000eb004001370080007800c8
:1017c0001000200002022000828f5000040032002e
:1017d000e9805000e48f5000010036000000eb006b
:1017e00000000600889fbe008a1f78000005780070
:1017f0000a047800984478000805e8000900fb0016
:10180000eeff07000000e000f9ff3a00b0c2b300ad
:1018100080cf540005003200d0c2b3008000eb003e
:1018200080cf540005003a00020037008000eb0032
:1018300001003700110020000804e8000000eb0060
:10184000030037006a02b900020052000003b00032
:101850003801fb0003fd2f0082814100e98f510018
:10186000f8ff36000100e00001003a000000ea0045
:101870004f0578004f04be0000000600800078008d
:101880001000200002022000828f5000040032006d
:10189000e9805000e48f5000010036000000eb00aa
:1018a00000000600889fbe008a9fbe0000057800e9
:1018b0008a047800194478000905e8000800fb0054
:1018c000eeff07000000e000f9ff3a00b0c2b300ed
:1018d000804f540004003200d0c2b300804f540047
:1018e00006003a00020037000004eb000100370058
:1018f000180020008904e800010037000004eb0014
:101900006000b80006003700a2002000030020009d
:1019100040160700cfd5de000a0050008b8058002b
:101920003905fb000a03b100e90f5500f6ff360048
:101930000800e00002003a0060001000e08018009b
:101940004f05be004f04be00000006008000780076
:101950001000200002022000828f5000040032009c
:10196000e9805000e48f5000010036000000eb00d9
:1019700000000600889fbe008a1f7800800478005f
:10198000090578001a4478008a04e8000800fb0082
:10199000eeff07000000e000f9ff3a00b0c2b3001c
:1019a000804f540004003200d0c2b300804f540076
:1019b00006003a00020037000004eb000100370087
:1019c000180020000a05e800010037000004eb00c1
:1019d0006000b8006011b80009003700a4002000c2
:1019e000050020006033b800331907004fcade003d
:1019f0000900500084805800040159008481590076
:101a0000ba04fb000903b100e98f5400f3ff36006c
:101a10000800e00006003a006022b8006033b80019
:101a20000000520081805a0002015b0083815b004c
:101a30004f0578004f04be0000000600889fbe00de
:101a40008a9fbe00800478000200e0005b00320044
:101a500001407800814c780082814400f1f99f00b8
:101a6000e20f51005500360091449800a1449800bf
:101a7000e1f99f00d1f99f00e60f51004f003600b9
:101a8000b1449800c1f99f00e80f51004b003600a7
:101a90000905ea00630565000a8444000a0551004f
:101aa000c1ff2f00010565000080fb008000eb00f6
:101ab0001210200013102000d6150700008cbe0065
:101ac0000a01440060b99f0071b99f00e80f5500fa
:101ad0003a00360020049800310498004004980031
:101ae0005104980020b99f0031b99f0040b99f0070
:101af00051b99f00f80f550030003600600498007f
:101b000071049800000c9800110c9800200c9800ab
:101b1000310c9800400c9800510c980020b19f00a7
:101b200031b19f0040b19f0051b19f0060b19f0053
:101b300071b19f0000b99f0011b99f00640164005a
:101b40007801410002044400020555006011b8000c
:101b50000203be000002be000403be006022b80003
:101b600000007200818072000201730083817300a3
:101b700010003700009cbe000294be004004980094
:101b8000510498006204980073049800000c9800b7
:101b9000110c9800220c9800330c9800400c98000f
:101ba000510c9800620c9800730c98000a02b10066
:101bb0000802b000ff0f5500eeff3e00090078005c
:101bc0004f05be004f04be00000006000000fa00f2
:101bd000e88157004fb997003d0007000080fa00e8
:101be00000000600881f78000004780008007800d4
:101bf000710e0700080078004f047800000006000e
:101c00003c00fa00889fbe008a9fbe000004be0010
:101c1000020578000f0078004004b1001d000900a3
:101c20000018eb0088a79f00d8af9f000080eb0052
:101c3000e0af9f006022b8006033b800c0fb2f0007
:101c40000f0040009f0d0700120020008a0078005e
:101c5000c0fb2f000f0040007d0c07006fb2970003
:101c6000ffb297000fbb97009fbb9700dfad9700b7
:101c70000fa597000900e000090032000a85550011
:101c8000cfd5de000402450085824d0006834d005d
:101c900087834d000100320004044400880c780062
:101ca0004f05be004f04be000080fa000000060091
:101cb0000001eb00d2ff07001815370012002000ca
:101cc000cfff07001515370022002000ccff37009a
:101cd0000f04b0008e1f7800020278000301780024
:101ce0000000e00002003200000778000200370028
:101cf0000efc2f000f0747008002eb000100e00000
:101d0000010032008102e9000f007800e003b10019
:101d10001d0009000018eb000080eb0090a79f0059
:101d200023102000a3a79f00bea79f00c1a79f006c
:101d3000d5a79f000100e00003003d00b104200092
:101d4000716b880007003700004feb00fea79f0073
:101d5000eea79f008400780020fc2f000f004000b9
:101d60005b0e07004f0778000f04b100000006006b
:101d7000ec874700889fbe008a9fbe008c9fbe00f4
:101d80008e1f780000067800010478001807900084
:101d90002805900098067800cdb79f00b805900000
:101da0003202be002203be000400be000601be00d7
:101db0004f18de006011b8008000eb00d0b79f0024
:101dc000e1b79f00f2b79f0083bf9f0080047800b7
:101dd0000900e000060032006000b8006011b800a1
:101de0000402500085825800060359008783590079
:101df0000e00e000020035000d10a100cdb79f00dd
:101e00000900e00005003a004fb097000028a30049
:101e100002003a000038a300020032008a00e90004
:101e2000010037008a007800f8815700a2002000e6
:101e300008007800860007000900e00003003a006f
:101e4000cfb097000128a300080032000000e9008d
:101e500000814500b1c2b3000900e000010032007a
:101e6000d1c2b30001497800050037000138a30052
:101e7000030032000000e90001c2b3008175780060
:101e8000480190000201e9000001510080804500f6
:101e90004fb297008a0178000c00780030020700ea
:101ea0009c0090000188a30004003200980090007c
:101eb000810f500001003d00010078004f077800bd
:101ec0004f06be004f05be004f04be00cf00b1005c
:101ed000000006000200fa00889fbe008a9fbe0034
:101ee0008005780001047800020078001801900055
:101ef0002805900098007800b1bf9f00b8049000ba
:101f00000200e000020035000110a100b1bf9f00f7
:101f1000ea815700820020008a0078003002be006b
:101f20002003be0008007800490007003fb9970071
:101f3000f0006100030032000000e90001c3b300bb
:101f4000817478003fb99700e80061000300320017
:101f50000000e90001c2b3008174780048019000dc
:101f60000201e90000015100808044003fba97005f
:101f70008a0178000b007800f90107009b009000af
:101f80000188a3000400320098009000810f5000e7
:101f900001003d00010078004f05be004f04be0067
:101fa0000080fa0000000600ea874700889fbe0014
:101fb0008a9fbe008e1f780000047800030078001e
:101fc0007287570084e2260055c72600049fbe0092
:101fd000c3962200030f78006c875700004feb0078
:101fe00011059000a1049000910578000200e00026
:101ff00002003200020778000100370072875700a4
:102000000000e00002003a000e0078008a0d070090
:102010000a00e000030035008a0f5000010036007e
:102020000a0078000b02780089017800000178002e
:102030008e00780008007800c90107004f0778007b
:102040004f05be004f04be00af00b1000000060007
:10205000f4874700889fbe008a9fbe008c9fbe0009
:102060008e1f78000605be000404be0081bf9f00dd
:1020700082b79f00f3b79f00b0009000e1b79f00c8
:102080001301780092b79f009006900040009000e6
:102090000000e900000678000d00e00001003d00ae
:1020a0001d0020008040eb00efb1970081717800a7
:1020b0001e0020001f0037000c06e9000fb097003b
:1020c000cf80de006109b900a0b79f00b1b79f00c3
:1020d000c2b79f00d3b79f000203be000002be003c
:1020e0000800be000a01be001117070000077800b3
:1020f0000e4078000043b000efb0970080707e0083
:102100008d06e9000fb997000201e90082bf9f0028
:102110002fb29700bfb297004fb39700dfb397007d
:102120000800be000a01be00fa1607000205be0044
:102130000004be000c00e0000d003400e00f54006d
:10214000e08f5c00e00f5d00e08f5d00daff3a0099
:102150000d00e000d8ff3c008fb997000300e000bd
:10216000030034001fb097000018a300d2ff3a000c
:102170000e00e00002003a00ffb097001140a100fd
:102180000c0078004f0778004f06be004f05be00d8
:102190004f04be004f01b100000006000200fa002b
:1021a000889fbe008a9fbe00000578000104780069
:1021b0000200780018019000a804900098007800b0
:1021c000b1bf9f00b80590000200e000020035009a
:1021d0000110a100b1bf9f00ea815700a2002000ba
:1021e000890078003002be002003be00080078009d
:1021f00097ff0700480190000201e900000151002b
:10220000808045003fba9700890178000a00780075
:10221000530107009a0090000188a30004003200d7
:1022200098009000810f500001003d0001007800ef
:102230004f05be004f04be000080fa0000000600fb
:10224000fa874700889fbe008a9fbe008c9fbe0011
:102250008e1f7800800478000104780082057800e1
:10226000180190002805900018077800b800900029
:102270000200e000020035000e10a100010037004e
:102280001200200070006700e0b79f0009003200d4
:102290003b02be002b03be00e00f5200e08f5a004d
:1022a000e00f5b00e08f5b00020032008a86e900ed
:1022b000010037008a067800e8026700f5b79f0042
:1022c000010032008d06e9003b02be002b03be0078
:1022d000e4af9f00f5af9f0086b79f0097b79f00c0
:1022e000480690000c06e9000040eb0080707e007c
:1022f000efb297007fb297008903780081047800dd
:10230000d8af9f00020478008bbf9f008a05780039
:10231000034578002a0037000c06e9006fab9700f0
:102320006f006300e90f500002003c000003b000a2
:10233000010037007005b0000a03fb001604b1006d
:10234000f90f53000c003e00000378000650a00077
:102350001606b100f90f530007003e00b4b79f0006
:10236000a5b79f00c7b79f00d20c0700cfb3970057
:10237000afb297003fb2970080747e000804e90076
:102380008d06e9006fa89700ffa897000fb197008e
:102390009fb19700460020008301d1000281d30045
:1023a0008180d3000080d3000603e900faff3a00e1
:1023b000e0af9f00f1af9f0082b79f0093b79f00ef
:1023c000e10f56000f0034006fa89700ffa8970098
:1023d0000fb197009fb19700e00f5000e08f5800b9
:1023e000e00f5900e08f5900cbff3a000800e000f1
:1023f000c9ff3c000d00e000020034000e18a300ed
:10240000c5ff3a0089007800f4b79f008704780080
:102410005fac97008a4178000b0578008fbd97006c
:102420000500e000100032003b02be002b03be009e
:10243000e4af9f00f5af9f0086b79f0097b79f005e
:10244000e00f5200e08f5a00e00f5b00e08f5b006e
:10245000050032000c06e90083707e000c06e900de
:1024600000c3b30080707e00ffb297000500e0005b
:10247000030032000c06e90000c2b30080707e0049
:10248000480190000201e9000c0151008c804000dd
:102490000e0278008a01780009007800b000070079
:1024a000990090000188a300040032009800900079
:1024b000810f500001003d00010078004f077800b7
:1024c0004f06be004f05be004f04be00af01b10075
:1024d000000006008201780001017800f1ff27006a
:1024e000890c370084082000848f50001d003200c2
:1024f0000d003c0014082000848f5000270032009b
:1025000002003c00040820000400370024082000da
:10251000848f50003400320044082000848f500023
:1025200043003a0036003700040a2000848f500030
:102530002700320004003c0004092000848f500072
:102540003b003a0028003700020c2000828f500028
:102550002f003200020f2000828f500034003a001a
:102560002b0037009380e9000200e00005003200f4
:10257000810978001102fb00cfa2de00612bb900b7
:102580002800370081097800114278000482fb009e
:102590008002eb006033b80022003700130278009d
:1025a000e40052000200e0000500320081097800da
:1025b0001102be004fabde00860378001900370021
:1025c000810978001102be006033b80015003700a1
:1025d0009380e9008109780011027800cfa2de0023
:1025e000612bb9000f00370093027800e880520099
:1025f000810978003102be002103be0009003700c6
:102600009380e9000200e00002003200f1ff370091
:102610009380e90081097800110278008002eb00c4
:102620006033b8000498be000690be00100005009c
:102630000000050044082000848f5000250032006f
:1026400008003c0014082000848f50001400320061
:1026500024082000848f5000240032000408200049
:102660000c00370004092000848f50001f00320046
:1026700004003c0084082000848f500024003a00ad
:102680000e003700040a2000848f50001100320031
:10269000040c2000848f50001d003a000d0037000c
:1026a0009380e900810978009100780001087800a2
:1026b000cf91de008288be00140037009380e900cd
:1026c000810978009100780001087800824878003c
:1026d0000e0037009380e9008109780091007800ae
:1026e0000108780082087800080037009380e9002c
:1026f0008109780091007800010878006112b90022
:10270000612bb9008498be008690be0010000500c1
:1027100000000500889fbe0000047800480090007b
:1027200082047800808f5400010036008004780015
:102730000901780058009000db0a0700580090005b
:102740000900400050049800c8009000898450009f
:10275000490498000048eb004f04be00000006004a
:10276000f2874700889fbe008a9fbe008c9fbe00f4
:102770008e1f78008004780001057800020478003c
:10278000830578006107620002003a008b0f540055
:1027900008003900080178008a00780009007800f4
:1027a000dcff07008b0f5400020039008805780019
:1027b0001e003700088655000c017800f00f560007
:1027c0000100360002012000010220007e80570037
:1027d0009afc07008c0678000500370002012000f3
:1027e000fe80570009007800caff0700f0865600f7
:1027f000ef8f5600f9ff3e004461de0000ff2f001e
:102800000091b90002014600fe80570009007800df
:10281000c0ff07000e00e00004003a000801780045
:102820008a00780009007800baff07000b007800e2
:102830004f0778004f06be004f05be004f04be0094
:102840002f01b10000000600000005000000050097
:1028500000000500000178000040eb008080fb00d4
:102860008180400003d3200063c278000404e000ac
:1028700003003a0010d3200060c07800000006007a
:1028800092017800934f520004003a0010d32000c8
:1028900060c078000309e800010037000040e8004c
:1028a000ea4f5000edff360000000600f6874700b3
:1028b000889fbe008a9fbe008c9fbe008e1f78003e
:1028c000000578000104780083057800040678008c
:1028d0000000eb00c0b79f008080eb00d1b79f00e5
:1028e000e0b79f00f2b79f000008200080bf9f0064
:1028f00098007800010078008004eb0001003700a8
:102900008904e800304178000204e000030032004e
:1029100053c2b300834f5100f9ff3a000900e000b1
:1029200004003200090178000a00780079ff0700ee
:10293000188c44001807780050c2b3009e4f100056
:102940003f013a000e07e8000e0c78001000370037
:10295000cfb097000100a0000b003700cfb0970068
:102960000110a00008003700cfb097000120a000a0
:1029700005003700cfb097000130a00002003700fb
:10298000cfb097000140a000c1b79f00000ce80045
:102990001800780090407800b2c2b30082cf500097
:1029a000f1ff320007003c0002c2b30082cf5000aa
:1029b000f0ff320032c2b30082cf500007003a006d
:1029c000efff3700d2c2b30082cf5000e0ff3200e9
:1029d00002c3b30082cf5000e0ff3200a2c2b300b6
:1029e00082cf50000d003a00000ce8001c80e90086
:1029f000000e780010007800e0b79f000000e000b3
:102a00000f003d00cfb097000100a200c1b79f00aa
:102a10000000ea00e0b79f000900370071fb0700e3
:102a2000e0b79f0001003700000ce80018007800b4
:102a30009000fb000103b100e98f5000faff36005f
:102a40004fb097000008a300020032000010a10060
:102a5000c0b79f0018007800e1c2b30090cf10000b
:102a600016003a008000eb00d1b79f000000e8009c
:102a7000000c7800a1c2b30090cf100006003a000d
:102a8000000ce8001c80e900000e780010007800bf
:102a9000d0b79f000900370052fb0700d0b79f0056
:102aa00001003700000ce800180078009000fb00df
:102ab0000103b100e98f5000faff360008007800ea
:102ac00064ff070080467800180078001000fb00c3
:102ad000f10a070091062000810f500038003200f3
:102ae00012003c0041062000810f500034003200eb
:102af0000a003c0011062000810f50002000320027
:102b000031062000810f5000a00032005102200049
:102b1000810f5000bc003a00b4003700710620005d
:102b2000810f5000b8003c008800370001072000ea
:102b3000810f50005c00320007003c00e1062000dd
:102b4000810f50007a003200f1062000810f500002
:102b5000ad003a003900370051072000810f5000c6
:102b60002700320081072000810f50004200320010
:102b700031072000810f5000a3003a008f0037007a
:102b80008d80fb000c01780000fe2f000f0040003c
:102b9000020b07000000e000a800320018007800d7
:102ba000000ce8009041780002fe2f000f01410068
:102bb000f88057000a0078002d0b07000e00370040
:102bc0008d80fb008c0178001200200000fe2f0099
:102bd0000f00400043fe07000000e00097003200b5
:102be000180ce80002fe2f000f014100f88057008a
:102bf0000a0078005efc07008084440090003700e3
:102c00008d80fb008c0178000001eb0000fe2f009e
:102c10000f00400033fe07000000e0008700320094
:102c2000180ce80002fe2f000f014100f880570049
:102c30000a00780059fd0700efff37008d80fb0088
:102c40008c0178000001eb0000fe2f000f00400017
:102c500024fe07000000e00078003200180ce800b5
:102c600002fe2f000f014100f88057000a00780093
:102c700098fc0700e0ff37008d80fb008c01780096
:102c80000001eb0000fe2f000f00400015fe0700c2
:102c90000000e0006900320018007800000ce80035
:102ca000904178001c0037008c0178000001eb0097
:102cb000010f200000fe2f000f00400009fe07005a
:102cc0000000e0005d003200180ce8000fb0970033
:102cd0009fb097002fb19700bfb19700e00f500051
:102ce000e08f5800e00f5900e08f590009003a00ca
:102cf000cfb597006fb4970080d220004e0a07002e
:102d00000b027800880178000001780081d2200051
:102d10004700370083c7b30002fe2f000f014100b8
:102d2000f88057000a00780045fd0700b2ff370021
:102d30000b8144008d80fb008c01780000fe2f0089
:102d40000f0040003bfe07003c0037008d80fb0079
:102d50000c01780000fe2f000f0040008f0a0700d2
:102d60000000e0003500320018007800000ce80098
:102d70009041780002fe2f000f014100f8805700bb
:102d80000a0078005d0d07009bff370000c8b30004
:102d900080cf560029003a00180ce8001c80e9009a
:102da000000e780010407800e0df9f001300200044
:102db000e2fd2f000f0141000800370000c8b300fa
:102dc00080cf56001d003a00180ce8001c80e90076
:102dd000000e78008001eb0010017800f8805700a9
:102de0000a00780070fc070083ff370000c8b300ba
:102df00080cf560011003a00180ce8004fb297003f
:102e0000efb19700080037000e0c78000000eb00cf
:102e1000c0b79f00e0b79f000080eb00d0b79f00d5
:102e20000002eb008401780012002000e1d22000b3
:102e30000a0078004afe07006fff3700180ce80010
:102e4000090078004f0778004f06be004f05be000e
:102e50004f04be006f01b100000006008200fa00be
:102e6000889fbe008a1f78000005780082047800e1
:102e7000c13f9f000004eb001000370009027800fa
:102e800088017800a2f72f000f01410081f72f0081
:102e90008f8040000a00780084fe07000800400090
:102ea000880f500004003d00b0042000706b8800c3
:102eb0000084eb0004003700000478004f389700ce
:102ec0001004e000edff3a00080078004f0578009c
:102ed0004f04be000080fa00000006008000780069
:102ee0001000200002022000828f500004003200f7
:102ef000e9805000e48f5000010036000000eb0034
:102f0000000006000800fa00889fbe008a9fbe00ed
:102f1000000478008105780078089000b8109000cf
:102f2000810f500003003100b084fb00700c98004a
:102f300003003700080078000709070080047800c4
:102f4000b0022000808f5400040032000005eb0026
:102f5000d0022000808f54001b003a00d982b200ba
:102f600009f0a7008904ea008904e9004f4dde005a
:102f700078089000b8109000810f500003003100d5
:102f8000b084fb00700c9800030037000800780044
:102f9000f10807008004780000fd2f0009004000c0
:102fa000e90f5000080036000b00e0000600320078
:102fb000381090000000e000030032007808900014
:102fc0000000e900700c980000fd2f00090040008f
:102fd0008005eb00e90f5000130036003810900018
:102fe0000000e00072003200780890000000e90064
:102ff000700c98006e0037006a59b90082054000d5
:1030000078089000b8109000810f50000300310044
:10301000b084fb00700c98000300370008007800b3
:10302000cd0807008004780000fd2f000900400053
:10303000e90f500003003e00b1cc2000818f550005
:10304000edff3400615ab900612bb90084bf9f00c5
:1030500095bf9f00a6bf9f00b7bf9f001f0037000e
:10306000a4002000050020006033b8000fb89700ce
:103070009fb897002fb99700bfb997008e1307002c
:10308000cfcdde000082440081824d0002834d00de
:1030900083834d000403b1000580b1000680b100b8
:1030a0000780b10084bf9f0095bf9f00a6bf9f000f
:1030b000b7bf9f0078089000b8109000810f5000b3
:1030c00003003100b084fb00700c9800030037004f
:1030d00008007800a00807008004780000fd2f0099
:1030e00009004000e90f500017003e00d07a24008c
:1030f00011ae270042e12a00731420000fba970096
:103100009fba97002fbb9700bfbb97000020e1003c
:1031100001a8e10002b0e10003b8e100d0ff3400f3
:103120000900370078089000810f5000030031003b
:10313000b084fb00700c9800030037000800780092
:1031400085080700800478000903b100b8109000da
:10315000e98f5400f3ff36000100e0000300320065
:10316000780890000000e900700c98000a00e00068
:10317000160032006000b8006011b8000fba970066
:103180009fba97002fbb9700bfbb97000402500067
:1031900085825800060359008783590084bf9f0029
:1031a00095bf9f00a6bf9f00b7bf9f0007003700d5
:1031b0006000b800020020000300280080bf9f00cc
:1031c00091bf9f00a2bf9f00b3bf9f000fb89700a1
:1031d0009fb897002fb99700bfb997004f05be0061
:1031e0004f04be000080fa00000006000f04b0008b
:1031f000889fbe008a9fbe008c9fbe008e1f7800f5
:1032000000067800b1a79f00c29f9f00a3a79f0060
:10321000b49f9f00fc0890003c109000808f5000ed
:10322000040031003180fb00710e98000007eb00b4
:103230000d0037000c00780047080700fbff37003f
:10324000fc0890003c109000808f5000030031007b
:103250003180fb00710e9800020037000c007800ee
:103260003d0807001e00200001032000810f5000d0
:10327000f3ff32006022b8006033b80094af9f00c3
:10328000a5af9f00b6af9f00c7af9f008002eb00c5
:1032900095a79f00e1022000810f500023003a0013
:1032a000fc0890003c109000808f50000500310019
:1032b0003180fb00710e98006044b8006055b80082
:1032c000110037000c00780023080700faff3700d0
:1032d000fc0890003c109000808f500003003100eb
:1032e0003180fb00710e9800020037000c0078005e
:1032f0001908070061045400e0845c0060055d006b
:10330000e0855d001e00200001032000810f5000b9
:10331000efff320098af9f00a9af9f00baaf9f00a8
:10332000cbaf9f001500200095a79f006022b8003a
:103330006033b800d4af9f00e5af9f00f6af9f00a9
:1033400087b79f008002eb00a59f9f006022b80016
:103350000600200007ff2300d49f9f00e59f9f00e9
:10336000f69f9f0087a79f006044b8006055b80093
:103370006033b800f6a79f0087af9f008400370036
:10338000e1022000810f50000e003a009fa3970039
:103390000700e0008b003a005fa89700efa89700b5
:1033a0007fa997008fb1970090af9f00a1af9f00ba
:1033b000b2af9f00c3af9f001100200091a79f00f4
:1033c0006a00370091032000810f50000300340091
:1033d0000050a0009dfa2f0080864600700020005b
:1033e000010020006011b8005faa9700efaa9700c3
:1033f0007fab97008fb397000020e10001a8e100a8
:1034000002b0e10003b8e1000c003c007fa397008c
:103410008fab97004438dd00cc30de0081007000b7
:103420004430dd004feade000081460081014a00a1
:10343000f2a79f0083af9f003f003700d00020001d
:10344000010020006011b8005faa9700efaa970062
:103450007fab97008fb397000020e10001a8e10047
:1034600002b0e10003b8e1001d003c006022b8009a
:103470000600200007fb23005f989700ef98970055
:103480007f9997008fa19700681007000002be0087
:103490000203be00d49f9f00e59f9f00f69f9f0000
:1034a00087a79f006168b900170f07005f9a970010
:1034b000ef9a97007f9b97008fa397005b10070000
:1034c0000002be000203be000800be000a01be00ea
:1034d0005c0f07000004be000205be0016003700a6
:1034e0000d00e00014003200af9a97000500e000e4
:1034f00011003a006022b8000600200007fe2300f9
:103500005f989700ef9897007f9997008fa1970099
:10351000461007000002be000203be000800be0005
:103520000a01be00470f07000004be000205be00ee
:1035300016002000a69f9f005fa89700efa89700a5
:103540007fa997008fb1970061004000e08048009c
:1035500060014900e0814900d0af9f00e1af9f00ca
:10356000f2af9f0083b79f001e002000fc08900070
:103570003c109000808f5000030031003180fb0030
:10358000710e9800020037000c00780072070700e7
:103590000dfd2f0080864600e98f560078ff36002b
:1035a000800078000150a0001106b100e58f5000a6
:1035b00073ff3600e1022000810f500073ff3200dc
:1035c00001003700e00220000e00e0001e003a007b
:1035d0003c1090000000e00003003200fc08900066
:1035e0008100e900710e9800bf9897000100e0008b
:1035f0000e0032000000e00003003200fc089000e2
:103600008100e900710e98001fa197000200e00000
:103610000a0032000000e000080032007c08900040
:103620000000e900700e9800040037006022b80026
:103630006033b8000c00780022070700afa19700a4
:103640006118b900510037001fa297000400e00084
:1036500016003a005faa9700efaa97007fab970089
:103660008fb3970094af9f00a5af9f00b6af9f00a8
:10367000c7af9f00110037007fa197008fa9970067
:103680004418dd00cc10de00810070004410dd0025
:10369000f0a79f0081af9f0061024200e0824a00d4
:1036a00060034b00e0834b00050037005faa9700e2
:1036b000efaa97007fab97008fb397008006780042
:1036c00070002000010020006011b8000020e1001f
:1036d00001a8e10002b0e10003b8e100e6ff340018
:1036e0000d0078000050a00001072000810f50005d
:1036f00015003a00bf9897000c00780001fe070003
:103700006022b80006002000070028000400e10045
:103710000588e1000690e1000798e10014003a00f6
:10372000bf9997000300e00007003a006022b8004c
:103730006033b8000c007800e20607006000b800b3
:103740006011b8003c0137003c1290006000b800e6
:103750006011b8000400e000050032007c08900011
:103760000000e900700e98006000b8006011b80019
:103770007fa297008faa9700e00f5200e08f5a00b7
:1037800007003a00afa297006128b90005f40700ce
:103790006011b800eaf50700100e07002601370097
:1037a0001faa9700afaa97003fab9700cfab970037
:1037b00068025200e0825a0060035b00e0835b0015
:1037c0002c0020000402d0008582d2000683d200a3
:1037d0008783d2000c06e900faff3a000402400099
:1037e000858248000603490087834900d4af9f00c3
:1037f000e5af9f00f6af9f0087b79f00cf9a970075
:103800000500ea00cf80de006109b9005faa9700d9
:10381000efaa97007fab97008fb397000020e100dd
:1038200001a8e10002b0e10003b8e1000f0034009c
:1038300020022000706b8800afa297006128b900b9
:10384000310e0700f4ff2f00f5ff2f00f6ff2f00c9
:10385000f7fe2700750f0700f4ff2f00f5ff2f007c
:10386000f6ff2f00f7fe27001a0037004f9b970046
:1038700067f92f0007004300cf80de006109b9001f
:103880005faa9700efaa97007fab97008fb39700ce
:103890000020e10001a8e10002b0e10003b8e1006e
:1038a00039003d0020022000706b8800afa2970015
:1038b0006128b900140e07006022b800060020003d
:1038c00007012000590f07006022b8000600200001
:1038d00007012000550f0700d70037006022b8000d
:1038e0000600200007fe23000800be000a01be00fb
:1038f000a10d07000c0646008d864e000000e0007a
:103900000d00350061064600e0864e006022b800da
:103910000600200007ff23000800be000a01be00c9
:10392000420e07000002be000203be000800be00f7
:103930000a01be00040037000802be000a03be00f0
:103940000800be000a01be003e0e07000004be00d3
:103950000205be005fa89700efa897007fa9970017
:103960008fb1970061005000e0805800600159005d
:10397000e0815900d0af9f00e1af9f00f2af9f0000
:1039800083b79f00020037007fa697008fae970095
:10399000e00f5600e08f5e00d0ff3d00fca79f00c7
:1039a0008daf9f003fa29700cfa2de00612bb90030
:1039b00094af9f00a5af9f00b6af9f00c7af9f0019
:1039c00000022000010020006011b800cf9a97008b
:1039d0004faede00050250008c8258000c035900e7
:1039e0008c835900d49f9f00e59f9f00f69f9f0006
:1039f00087a79f005fa89700efa897007fa997006f
:103a00008fb197000000420081804a0002014b0004
:103a100083814b00d0b79f00e1b79f00f2b79f00b2
:103a200083bf9f001faa9700afaa97003fab9700e4
:103a3000cfab97000020e10001a8e10002b0e10057
:103a400003b8e10006003400dfaa97004f9b9700ff
:103a5000068052000002b000b0a79f000b003300a8
:103a60006000b8006011b80090af9f00a1af9f0048
:103a7000b2af9f00c3af9f0040032000bfa09700dc
:103a8000808f500038003c00020037000001eb003e
:103a9000b2a79f0042052000bfa19700030151007b
:103aa0000000200001f82300761407000006be0085
:103ab0002fa297006120b900930d07000002be00fd
:103ac0000203be000c00be0094b79f00a5b79f0084
:103ad000b2b79f00c7b79f00400d07001fb2970005
:103ae000afb297003fb39700cfb397002d120700f6
:103af0000002be000203be0094af9f00a5af9f006e
:103b0000b6af9f00c7af9f00bfa29700ff8f5200c4
:103b100015003c006022b8006033b8000800be0009
:103b20000a01be00280d07000000e0000e00320070
:103b30006000b8007fa3970061006300e00f5000b1
:103b4000e08f580008003a007fa697008fae9700dc
:103b500061064600e0864e00fca79f008daf9f00e7
:103b60006044b8006055b800afa697006168b9001e
:103b7000650d07000002be000203be00b4a79f004f
:103b8000c5a79f00d6a79f00e7a79f000802be0019
:103b90000a03be00a50e07000004be000205be0019
:103ba0007fa097008fa897005a0d07000002be0063
:103bb0000203be003fa09700cfa097005fa197002f
:103bc000efa19700990e07000002be000203be009d
:103bd0001fa89700afa897003fa99700cfa997000b
:103be000980d07000802be000a03be00950d0700ed
:103bf0001faa9700afaa97003fab9700cfab9700e3
:103c00008a0d07000004be000205be006022b80055
:103c10006033b800ec0c07000000e00002003a003e
:103c200020022000706b88005faa97000800be0089
:103c30000a01be003d1407004f0778004f06be0082
:103c40004f05be004f04be000f04b1000000060087
:103c5000cf23b000889fbe008a9fbe008c9fbe000d
:103c60008e1f78000004780001007800b2a79f0042
:103c7000e39f9f0094af9f00850578008006eb00ce
:103c80000a003700f808900038109000808f50002c
:103c9000030031003180fb00710c980002003700f6
:103ca00008007800ac0507001d002000010320007b
:103cb000810f5000f3ff32000006eb006022b800d5
:103cc0006033b80094b79f00a5b79f00b6b79f00b8
:103cd000c7b79f00e1022000810f50002a003a0080
:103ce000f808900038109000808f500009003100d3
:103cf0003180fb00710c98006022b8006033b8007e
:103d000094b79f00a5b79f00b6b79f00c7b79f00a5
:103d100019003700080078008f050700f6ff37000c
:103d20001fb09700afb097003fb19700cfb1970099
:103d300061005000e080580060015900e0815900a6
:103d400090b79f00a1b79f00b2b79f00c3b79f0075
:103d5000f808900038109000808f50000300310068
:103d60003180fb00710c98000200370008007800d9
:103d7000790507001d00200001032000810f50007d
:103d8000e7ff32001c0020006011b800c29f9d00b8
:103d9000d39f9d008004eb006022b8006033b80020
:103da000d4af9f00e5af9f00f6af9f0087b79f009d
:103db000090778000905780052003700810f50008c
:103dc0000c003a000c00e00058003a005fa8970091
:103dd000efa897007fa997008fb1970090b79f0039
:103de000a1b79f00b2b79f00c3b79f001c0020007f
:103df0003b003700010320005faa9700efaa97005d
:103e00007fab97008fb3970061024200e0824a00c7
:103e100060034b00e0834b00d4af9f00e5af9f00f1
:103e2000f6af9f0087b79f00c3072000830f57009e
:103e300023003c00810f500001003200dfac9700ee
:103e4000c276dd000a00e0001100320085db2f00a1
:103e50008f8242008d8642006102b9000403b100e6
:103e60000580b100a2002000030020001d00be005c
:103e7000d4b79f00e5b79f00e60c07005fb297003c
:103e8000efb29700801e420081964a00050037007d
:103e900086db2f000f0343008d064300cf91de0029
:103ea000828ebe000a05e8001d002000e90f5500c3
:103eb0000b003a000d0747000005eb000800370033
:103ec000810f5000060032004f909700df9097005e
:103ed0000000a000c0979f00d1979f00c945200017
:103ee000f808900038109000808f500003003100d7
:103ef0003180fb00710c9800020037000800780048
:103f00001505070002fd2f0000014100e10220001d
:103f1000e90f5100a9ff3600810f5000a9ff3200c0
:103f20000c00e000030032000a003700e00220002d
:103f3000080037005faa9700efaa97007fab9700b1
:103f40008fb3970094b79f00a5b79f00b6b79f00a7
:103f5000c7b79f000d00e000290032000001780083
:103f60000250a00051062000810f510024003a00a9
:103f70008b00780008007800e2fb07006022b800a0
:103f800006002000070028000400e1000588e10089
:103f90000690e1000798e1000c003a000b00e000f9
:103fa00023003200381290006000b8006011b800a1
:103fb0000400e00005003200780890000000e900ed
:103fc000700c98006000b8006011b8001fb2970034
:103fd000afb297003fb39700cfb397000002420003
:103fe00081824a0002034b0083834b0094b79f00f9
:103ff000a5b79f00b6b79f00c7b79f001300370053
:104000000000e00006003500381090000000e000dd
:1040100003003200780890000000e900700c98005e
:104020000d00e00009003a0060012000706b88007c
:104030006022b8006033b80008007800a1040700cf
:104040006000b8006011b800780337004f9e9500fb
:10405000df9e9500e00f5600e08f5e0007003a00fb
:104060009faa97006128b900cef107006011b8003f
:10407000b3f30700d90b07006c0337001fb097009c
:10408000afb097003fb19700cfb197005faa9700fc
:10409000efaa97007fab97008fb397000400e10071
:1040a0000588e1000690e1000798e10020003a0051
:1040b00090002000010020006011b8001fb297009e
:1040c000afb297003fb39700cfb397000020e10055
:1040d00001a8e10002b0e10003b8e10014003c00d7
:1040e000bfa29700fe8f52000a003c000c00be00e9
:1040f000050378000603e900030033008100d100c6
:104100000080d300fbff3700e00f5000e08f580025
:1041100007003a009fab97006138b900fa0b07001f
:104120000004be000205be000c00be0060003700a7
:10413000220020006f9e9700110009000206d8009f
:104140000000ea00cf80de006109b9001fb29700cd
:10415000afb297003fb39700cfb397000020e100c4
:1041600001a8e10002b0e10003b8e1000f00340053
:1041700020022000706b88009faa97006128b90078
:10418000e10b0700f4ff2f00f5ff2f00f6ff2f00d3
:10419000f7fe2700250d0700f4ff2f00f5ff2f0085
:1041a000f6ff2f00f7fe27008e0037006f9b970069
:1041b00067f92f0007004300cf80de006109b900d6
:1041c0001fb29700afb297003fb39700cfb39700ed
:1041d0000020e10001a8e10002b0e10003b8e10025
:1041e0000d003d0020022000706b88009faa970000
:1041f0006128b900c40b07006022b8000600200047
:1042000007012000090d07006022b8000600200009
:1042100007012000730037000a00e0000e003200a2
:104220000a0037004274dd0086db2f000f034300d5
:1042300008044300a2002000030020001800be0074
:10424000f40b0700008cbe000a05e800e80f5500db
:10425000f4ff34000e07e8009fb39700e88f540086
:1042600002003c00878f5400050034004270dd00de
:104270008cdb2f000f064600000046005c00370074
:104280009fb69700f18f5600f8ff3c00e98f56006b
:1042900009003a001fa997006110b9009a0b0700a6
:1042a0000004be000205be004f989500df989500ff
:1042b000980b0700470037009fb19700e88f510027
:1042c0001c003c001faa97006120b9008e0b07005c
:1042d0000004be000205be004f989500df989500cf
:1042e0008c0b07000002be000203be000800be00e7
:1042f0000a01be00cd0c07000004be000205be008e
:104300009fb29700688012004200dd0001d02000bb
:10431000008040001000be007b0b07000002be00c2
:104320000203be000800be000a01be00100c070018
:10433000be0237003fa397007b004300d2ff2f004f
:104340009fb3970002b9b90002014000fe0f51006f
:104350000a003c004f989500df9895000201e900a3
:10436000030033008100d1000080d300fbff370041
:10437000e00f5000e08f5800bcff3a001fae9700de
:104380006160b900600b07000004be000205be00ba
:104390004f989500df9895005e0b07000002be0065
:1043a0000203be000800be000a01be009f0c070009
:1043b0000004be000205be009fb697006a8056004a
:1043c0004200dd0001d02000008040001000be004f
:1043d0004d0b07000002be000203be000800be0035
:1043e0000a01be00910c0700900237000e07e90099
:1043f0004001be00e00f5100e08f5900fbff32008a
:10440000940020009fb09700110009008400d8009c
:10441000010278000001eb00d2af9f000400e00031
:10442000520032009fb197000300e00001003d0000
:1044300069024200680012004200dd0001d0200045
:10444000008040001005be0046db2f000f03430034
:104450006044b8008002eb00d5af9f00c4a79f0066
:104460000800be0085047800060478000002be0043
:104470002d0037005806be000a01be000c00be0029
:10448000d4b79f00e5b79f004f0b07005fb29700be
:10449000efb297000403400085834800068cbe00fd
:1044a0000a01be0000a02c00a1b92300f6b79f00ae
:1044b00087bf9f00b50a07000002be000a01be00c8
:1044c0000c00be00d4b79f00e5b79f004e0b07005d
:1044d0000001be005fb29700efb297000400be007b
:1044e0004c0b07000002be000900e8007fb39700f4
:1044f0008fbb97005fae97008c8f540009003a0085
:10450000e00f5300e08f5b0006003a008006780061
:10451000fd07b200ddaf9f009fb09700e98050001b
:1045200091b79f00800478008e8f5400d1ff3a002d
:104530000404be004fa29700e00f5400e08f5c001f
:10454000060032004270dd0082db2f000f014100c7
:10455000000041000888be000e07e8006902120052
:104560009fb197008481410093b79f000002eb0048
:10457000c4a79f00dfae97006c003700cfa2970062
:10458000fd825200c5a79f000e06e900fc07b2009d
:104590006033b800d6af9f00e7af9f004260dd00f8
:1045a00087db2f008f83430080834300d7a79f00c2
:1045b0001704be006055b800cd55dd004348de004d
:1045c0008b0570004d4ddd004340de000a05700094
:1045d000cd44dd000004eb005fa99700efa9970030
:1045e000080441008984490060054d00e0854d00c4
:1045f00004a02c00a5b923006033b8000440e100fa
:1046000005c8e10006d0e10007d8e1000e00360041
:104610000800be000a01be00be0d0700d0af9f001b
:10462000e1af9f0004a02c00a5b923006033b800bf
:104630000800be000a01be00bd0d0700dfa3970001
:10464000808bbe00050037005fa097000888be0081
:104650006011b800d2af9f00e3af9f000e00e900e9
:10466000f007b200800f56000b003a008d0f560085
:104670000e0032004260dd0083db2f008f8141009d
:10468000008041001000be00e00f5000e08f580095
:10469000ed013200020037008d0f5600030032009a
:1046a0000c06e900fc07b200bcff37005faa9700c8
:1046b000efaa9700e00f5200e08f5a001b00320073
:1046c0009fb29700e982420095b79f008d06e900ee
:1046d000fd07b2008e8f56000d003a000d07e9006d
:1046e000fe07b2000e00e900f007b2004200dd0054
:1046f00086db2f000f03430000004300c270dd0083
:10470000810043001001be0031187100219071003a
:104710004268dd0083db2f008f8141000080410073
:104720005faa9700efaa97000488be009fb2970087
:10473000f18f520091ff3400f28f520009003a00cd
:104740004269dd0086db2f000f03430002014300b6
:10475000e005270091082000b20f1000a28f18007a
:1047600086ff36008d037800c2d120000000eb00e8
:1047700087004000f107b2008e8f50000d0032001c
:10478000c208dd0083db2f008f8141008180410062
:104790001104be005202be00840f5400858f5c00dd
:1047a000040039000d003e000000e800e20f500058
:1047b000efff3a001fb29700f20f520007003a00d5
:1047c000d7af9f006044b8006055b8008006eb008a
:1047d0000800be000a01be006700370099002000f3
:1047e0009fb29700fb8f520001003c00190020008f
:1047f0004fa3970009034300c6a79f0010002000a5
:104800000900dd000000e9006101b900d2a79f00a6
:10481000e3a79f000aa02c00abb923008901780010
:104820008301e900030033008b85d1000a85d300a2
:10483000fbff3700070478006000b800d0af9f008e
:10484000e1af9f000a02be001fb597008705780000
:104850002d003700c240dd0086db2f000f03430030
:10486000810043001101be000203be00090678006a
:104870000c06e900030033008703d1000683d30050
:10488000fbff37005fae9700efae970006034600d0
:1048900087834e008688be006fa097008306600065
:1048a000dfa09700028660000401be000c00be007d
:1048b000d4b79f00e5b79f00f6b79f0087bf9f0062
:1048c000540a0700d0af9f00e1af9f000800e80046
:1048d0005fb29700efb297007fb397008fbb97004e
:1048e0008b0f540006003a00e00f5300e08f5b008e
:1048f00003003a0080057800fb07b2006905550007
:1049000000047800f807b2008e0f5400d1ff3a007f
:104910008b0378009ab79f005fa89700efa89700d5
:10492000e00f5000e08f58008fff32000e01e800ca
:10493000f207b200870f5100070032004277dd0016
:1049400083db2f008f8141000e874100008fbe0066
:104950000207780084ff37000e00e900f007b2007c
:104960004200dd0084db2f000f0242000000420005
:104970001000a0007cff3700dfaa970005864600e4
:10498000fc07b2008e0f560009003a000e07e8003f
:10499000fe07b2000e02e9004222dd0086db2f0096
:1049a0000f03430004024300000aeb0034127800b6
:1049b0006022b80056d62c00d71c24001b0b070021
:1049c0000004be000205be004266dd0087db2f004a
:1049d0008f8343000c8643001c00be00cd090700f6
:1049e0000002be000203be000800be000a01be00b5
:1049f000140a07008d06e800e28f5600deff3a0039
:104a00000004be000205be001fae97006160b90041
:104a1000bd0907000002be000203be000800be0080
:104a20000a01be00010b07000002be000203be0027
:104a3000d4a79f00e5a79f00f6a79f0087af9f0020
:104a4000cfa297005503b000c59f9f006f9b9700b2
:104a500006835200d69f9f00bfa39700868f530006
:104a6000060034000600e0000b0035000606780062
:104a70001d0020009db79f00030037003fa6970050
:104a80000000eb0090b79f0040032000800f56000d
:104a900037003c00030037001100200091b79f0051
:104aa0000006eb00920620000c01510000002000df
:104ab00001f8230073100700480907005fa2970060
:104ac000efa297007fa397008fab9700350e0700ea
:104ad0000002be000203be00f49f9f0085a79f0056
:104ae00096a79f00a7a79f00520320000c0151002a
:104af0000000200001f823006210070037090700ba
:104b00000002be000203be005fa09700efa0970066
:104b10007fa197008fa99700c40e07000004be0074
:104b20000205be000002be000203be005fa09700a7
:104b3000efa097007fa197008fa99700bb090700fe
:104b40007f9a97008fa297001fa39700afa39700ab
:104b5000bc0907000002be000203be00d4a79f00ec
:104b6000e5a79f00f6a79f0087af9f0008003700ca
:104b70006000b8006011b800f09f9f0081a79f00ff
:104b800092a79f00a3a79f000004be000205be00dd
:104b9000dfa897000180e800f007b2008e0f5000f8
:104ba0004e0032004200dd0082db2f000f01410089
:104bb000000041001001be00f04f2600d1dc2100b2
:104bc000800f5100818f59000e003e00e00f510010
:104bd000e08f590005003a00dfa99700638041008b
:104be000f007b2008e0f5000250032001faa970078
:104bf0006120b900ebee07000200200003e823006b
:104c00001600370000502600d1dc2100800f510033
:104c1000818f5900030032009faa97006128b900d4
:104c20000b0037005fab970063014300f207b2004f
:104c30009fab97006138b9008e0f510004003a0015
:104c4000d8ee07000200200003f023000300370025
:104c5000d4ee07000200200003f42300b8f00700a0
:104c6000de0807000002be000203be000800be000e
:104c70000a01be00730907000004be000205be0061
:104c8000500320000c005000e10f500013003400ce
:104c90006022b8000600200007ff23000800be00c5
:104ca0000a01be00610e07006022b8006033b80040
:104cb000c50807000000e00008003a006022b800c4
:104cc0000600200007ff23000800be000a01be0006
:104cd0005c0907000004be000205be003fa097006b
:104ce000e3061000ef989700818656000802be0088
:104cf0000a03be005fa09700efa097007fa1970076
:104d00008fa997004f0907007f9a97008fa29700fd
:104d10001fa39700afa39700440907000002be003d
:104d20000203be0094af9f00a5af9f00b6af9f00e7
:104d3000c7af9f0064805600cf98970001f0a10094
:104d4000810f500033003c000400be00af0d07008f
:104d50006022b800060020000734240086080700ff
:104d60000000e0001b0035009fb297000500e00046
:104d7000070032005f9b970006066e000cf0a7004c
:104d80000c06ea000c06ea004f66de009cb79f00a6
:104d90006022b8000600200007fe23001fa897002d
:104da000afa897003fa99700cfa997001f0a070057
:104db0000002be000203be0094af9f00a5af9f009b
:104dc000b6af9f00c7af9f00cfa297008502e80053
:104dd000c5a79f004fa097004003b0008d0f500063
:104de0000a003d001fb397000600e00009003200f2
:104df0006022b8006033b8000800be000a01be009f
:104e0000710807000000e0000200320020022000cc
:104e1000706b88004fa297001fa89700afa897005b
:104e20003fa99700cfa99700c00f07004f07780050
:104e30004f06be004f05be004f04be00ef1fb1007d
:104e4000ef03b100000006000c07780014fe3700e5
:104e5000e4874700889fbe008a9fbe008c9fbe00eb
:104e60008e1f780000047800020778000100e0003f
:104e7000fa003500bbf62f008a012000e18f5000b8
:104e800004003400e28f5000f4003a00ebbc2f0025
:104e90005a03200078089000b8109000810f50004d
:104ea00003003100b084fb00700c98000300370051
:104eb00008007800280107008004780009007800c5
:104ec00006f807000000e000f2ff3a00b002200000
:104ed000808f5400060032001c002000d002200009
:104ee000808f54000e003a002c0020000100370093
:104ef0000006eb006106160078089000b8109000dc
:104f0000810f500003003100b084fb00700c98004a
:104f100003003700080078000f01070080047800c4
:104f200011cf20008006eb0011003700e78f5600fc
:104f30000c0032007808900038119000820f500069
:104f400003003100b084fb00700c980005003700ae
:104f50000800780081bf9f00ff00070080047800f0
:104f60008fb897008d06e800e88f56001f003200ca
:104f7000090178000250a0005100fb00800f510091
:104f8000eaff32000d007800e38f56000600320081
:104f9000e88f560015003200e38f560019003600e6
:104fa0000e00e000bd003200b81090000100e000eb
:104fb00003003200780990000201e900720c9800a9
:104fc0000e00e00009003200060037000100e0009a
:104fd00003003200780990000201e900720c980089
:104fe0000000e900e30f5000f8ff3a00e10f46002f
:104ff0009d003a006000b8000200200003ff2f006f
:10500000a0003700a1cf20000d00e0001200320008
:10501000a2003700e28f56000c00320078089000a2
:1050200038119000820f500003003100b084fb0063
:10503000700c9800050037000800780081bf9f00c1
:10504000c5000700800478008fb897008d06e8003f
:10505000e38f560006003200090178000250a000dc
:105060005100fb00800f5100eaff32008b00370037
:10507000f808900038109000808f50000700310031
:1050800080c2b300314068000080fb000000ea00ed
:105090004f00de00710c9800070037000800780010
:1050a000ad0007008082b20000f0a7000000ea0017
:1050b0000000ea004f00de00190020000004e000bc
:1050c00007003200381090000000e0006a00320053
:1050d000780890000000e900700c98006600370026
:1050e000f808900038109000808f500003003100c5
:1050f0003180fb00710c9800020037000800780036
:105100009500070001fd2f0080804000e98f5000ce
:105110000b003600f1fb2f0080804000f98f50001b
:1051200007003600f1f92f0080804000f98f500011
:1051300003003600f1052000810f500002003a0004
:105140008904e800e6ff370091022000810f50003b
:1051500049003200381090000000e00003003200e7
:10516000f80890008100e900710c98000e00e00042
:1051700007003a000f0037000000e0000300320093
:10518000f80890008100e900710c98008904e9009a
:105190000900e000f8ff3a003700370038109000af
:1051a0000000e00003003200780890000000e900f1
:1051b000700c980060012000706b88006022b800bd
:1051c0006033b800080078003e0007002300370075
:1051d00000032000808f54001a003a00f808900065
:1051e00038109000808f5000030031003180fb00a8
:1051f000710c980002003700080078005600070084
:105200000050a00081072000810f500007003a00e5
:105210000e0278008c0178000b0178008a0078007b
:1052200008007800f1f707001600370038109000ea
:105230000000e00003003200780890000000e90060
:10524000700c98008e0278000c0278000a01be00f3
:105250000800be007efa07000a0037006000b800b0
:105260006011b800070037006000b800020020009d
:1052700003ff2700030037006000b8000200200091
:1052800083ff27004f0778004f06be004f05be0082
:105290004f04be004f00b100000006000d00e0000a
:1052a000beff3a00caff37008001780002003700d5
:1052b000b15978000201e9000200e000fcff3a0069
:1052c00000000600889fbe008a9fbe004410980020
:1052d000551098006610980077109800f00890001c
:1052e0002004900001045400cfc4de00614db900d9
:1052f00008189800191898002a1898003b18980068
:10530000e00f5200e08f5a00e00f5b00e08f5b007f
:105310000c0032000014900001045400cfc4de00e1
:10532000614db9000440e10005c8e10006d0e1008c
:1053300007d8e100030034000482400034109800d4
:105340000200370080109000311098004f05be0019
:105350004f04be00000006002800fa00889fbe002f
:105360008a1f780000047800f80890002800900058
:1053700000805000081a9000981a9000281b900096
:10538000b81b9000cf80de000402400085824800f8
:10539000068348008783480048109000d81090008a
:1053a00068119000f8119000e00f5000e08f580055
:1053b000e00f5900e08f5900050032000020e100a5
:1053c00001a8e10002b0e10003b8e1000d003d00da
:1053d00008007800d4b79f00e5b79f00f6b79f009c
:1053e00087bf9f000c010700800478005fb2970020
:1053f000efb297007fb397008fbb97000900e000e2
:1054000016003d0078089000a800900080805000b1
:105410004f89de00048240008502490006034900ee
:1054200087034900041c9800151c9800261c98004e
:10543000371c980030149800f0ff2f00f1ff2f0068
:105440000001be00401498005114980062149800a6
:10545000731498008084eb00520037006100420012
:10546000e0804a0060014b00e0814b0090bf9f004c
:10547000a1bf9f00b2bf9f00c3bf9f004812900012
:10548000d812900068139000f813900094b79f0012
:10549000a5b79f00b6b79f00c7b79f00e00f5200a7
:1054a000e08f5a00e00f5b00e08f5b0028003200c5
:1054b000780d9000081190000a0151006112b900a6
:1054c000612bb900d4af9f00e5af9f00f6af9f00fe
:1054d00087b79f001fb09700afb097003fb197000c
:1054e000cfb197001fba9700afba97003fbb9700a4
:1054f000cfbb97000400500085805800060159007a
:105500008781590090af9f00a1af9f00b2af9f006d
:10551000c3af9f005faa9700efaa97007fab9700e9
:105520008fb397000020e10001a8e10002b0e10084
:1055300003b8e100060034009fb297001fbb97003c
:1055400006815200820045003114980002003700a5
:10555000881390003714980028019000f8089000f4
:10556000810151001fba9700afba97003fbb970067
:10557000cfbb97004f98de000482410085024800af
:105580000603480087034800041c9800151c980077
:10559000261c9800371c9800828f500001003e00a6
:1055a000f9f89f00090078004f0578004f04be000d
:1055b0000080fa00000006000101780080017800f8
:1055c000008268000408a3000500320013003700c1
:1055d00032407800805978000004e0001400320066
:1055e000030278000208a300f9ff3a0003007800e4
:1055f000010037000318780082007800b2017800bb
:10560000f5ef2f00838242000382ea0004826200e9
:105610000508280005026200f6ff3200000278004b
:1056200031417800025878000204e000fbff3a00a4
:1056300004007800000006008000780004003700b5
:105640003104e00002003a000000510000000600b2
:10565000010178000108a300f9ff3a0081017800f8
:1056600031017800f4ef2f00020242000281ea00cb
:10567000020162000408280004016100f7ff320003
:1056800083007800010178003104e000fdff3a005a
:105690000000510000000600f1fb2f008080400058
:1056a000f98f500001003e000050a00000000600ed
:1056b000f9ff3700f1f92f0080804000f98f50008a
:1056c00001003e00f005b20000000600f9ff3700bf
:1056d0000200fa00881f780000047800e2bf9f00f3
:1056e0006481570008007800dcf5070098009000fe
:1056f0000148a300010032000080eb004f04780055
:105700000080fa0000000600f28747008e1f780034
:1057100002027800030178000000e000020032007d
:105720000007780001003700728757008002eb0005
:105730000100e000010032008102e90070805700a2
:10574000060009000018eb000080eb0080bf9f00fe
:105750002310200093bf9f00aebf9f00b1bf9f00ea
:10576000c5bf9f000100e00003003d00b104200020
:10577000716b880006003700004feb00eebf9f0002
:10578000debf9f008400780070805700b6050700d8
:105790004f0778002f01b10000000600881f780035
:1057a0000004780000082000808f500017003500aa
:1057b00010082000808f50000b00340030082000bb
:1057c000808f500011003a009200780068805000ed
:1057d000000978003002be002003be00049cbe0019
:1057e0000694be00070037009202780064805200e1
:1057f000000978001000be00f8050700009cbe00fc
:105800000294be0010002000010037000000eb00f1
:105810004f047800000006000200fa00889fbe00d6
:1058200000047800080078009d0507008084eb00e4
:105830000000e00009003a009811900012002000da
:10584000e68057000800780003000100e10f5000d7
:1058500002003a002ff897008084fb0009007800ce
:105860004f04be000080fa000000060000000600a1
:105870003e00fa00889fbe008a9fbe008c9fbe003b
:10588000100798008346780011007800400f9800b8
:10589000910190004307980021029000240f980086
:1058a000c1029000050f7800b1009000611f9800c0
:1058b0003204be002205be00281f9800391f980040
:1058c0004a1f98005b1f98006022b8006033b80040
:1058d0000800be000a01be00a20507000000e000ab
:1058e00009003d000800be000a01be0003f0a2004e
:1058f000201f9800311f9800421f9800531f9800e6
:10590000d0c2b30004003700ce0890000128a300e5
:1059100009003200b0c2b3006e199000004978004f
:10592000ae0990008301e900330f980014002000b5
:10593000540f980010003700ce0a90000538a300dd
:105940000900320000c2b3006e1b9000004b7800cb
:10595000ae0b90008703e900370f98001800200075
:10596000580f980004003700ae0c9000390f9800d3
:105970000005eb005a0f98002e189000be189000fa
:105980004e199000de199000b8ff0700f4ff2f00b9
:10599000f5ff2f00f6ff2f00f7ff2700040260003d
:1059a0008582600006036100878361006000b800a3
:1059b0000200200003ff27000020e10001a8e10011
:1059c00002b0e10003b8e1000c003a008d06fb00d4
:1059d0001d04b100ee1d9000de089000018045001e
:1059e00061d42000f98f560001003600a1d42000b8
:1059f0007cf00700a0d420002f0237000020e10037
:105a000001a8e10002b0e10003b8e1000c0036009b
:105a10008d06fb001d04b1006e199000de09900098
:105a200003004100e1d42000f98f56000100360048
:105a300021d520006bf0070020d520001e02370082
:105a400000c3b3006e1a9000de0a900000f27a00e4
:105a50000500e800000142008d00fb00f6fb2f006e
:105a6000068340002607980081c7b300f90f530052
:105a700001003e0081c5b300014978000000e80044
:105a8000500f98006022b8006033b8002e189000c4
:105a9000be1890004e199000de19900031050700e5
:105aa0000000e0005e0032008003eb006044b800bc
:105ab0000a0020000bff2300680798007907980070
:105ac0000a0f98001b0f98000706780005003700a2
:105ad0000c06e8006e0c9000fe0c90000e15900075
:105ae0009e1590000802be000a03be000800be001a
:105af0000a01be00d30507000002be000203be007b
:105b0000640f9800750f98000617980017179800f3
:105b10002e189000be1890004e199000de199000cb
:105b2000100507000000e000e9ff3d006c0f980041
:105b30002a0037006022b8000600200007fe23007c
:105b40000800be000a01be00b80607006022b800c7
:105b50006033b800030507000000e00016003a00bb
:105b60006022b80006002000073524000800be00af
:105b70000a01be00ad0607000004be000205be001b
:105b80006022b80006002000073524002e1890007f
:105b9000be1890004e199000de199000a306070071
:105ba0000002be000203be00241f9800351f9800ab
:105bb000461f9800571f98006022b800060020007a
:105bc00007fe23000800be000a01be00970607007a
:105bd0000004be000205be000c06e9000802be007b
:105be0000a03be002e189000be1890004e199000b7
:105bf000de199000db0407000000e000cdff350057
:105c00000800be000a01be006007980071079800f6
:105c1000020f9800130f98006c0f980009003700ce
:105c20008000eb00610f98006022b80006002000a1
:105c300007ff23006407980075079800060f980077
:105c4000170f9800ce029000800120000500e000b0
:105c5000010035004e0090000000e8003007980079
:105c60006e049000fe0490000e0d90009e0d9000ba
:105c700068179800791798000a1f98001b1f980052
:105c80002e1c9000be1c90004e1d9000de1d90004a
:105c90000006eb003a0037006e129000fe129000f2
:105ca0000e1b90009e1b90000800be000a01be0063
:105cb000af050700e00907000002be000203be00b6
:105cc0002417980035179800461798005717980022
:105cd000e104070080027800550798006e129000da
:105ce000fe1290000e1b90009e1b90002e10900044
:105cf000be1090004e119000de1190004b06070080
:105d00000002be000203be000800be000a01be0081
:105d1000460507000004be000205be006022b80070
:105d20000600200007fb23006e109000fe1090007c
:105d30000e1990009e1990003c0607000002be005c
:105d40000203be006417980075179800061f98009c
:105d5000171f98000c06e800ce0290000500e00036
:105d600007003d006022b8006033b8000800be00a4
:105d70000a01be007b0407000000e00004003200be
:105d80003e039000860f5600c3ff35000100370028
:105d90003c0798006022b80006002000070224009b
:105da0006e109000fe1090000e1990009e19900049
:105db0001e0607000002be000203be006417980022
:105dc00075179800061f9800171f98000800be005e
:105dd0000a01be00630407000000e0000d0035006a
:105de0006e129000fe1290000e1b90009e1b900001
:105df0000800be000a01be005a0407000000e000cf
:105e000011003a00de0290000508a30008003200ed
:105e10000d0037006044b8006055b800681798005e
:105e2000791798000a1f98001b1f9800060037007a
:105e30006000b8006011b8006017980071179800f2
:105e4000021f9800131f98006e129000fe1290001f
:105e50000e1b90009e1b90002e189000be18900004
:105e60004e199000de199000f60407000002be00f3
:105e70000203be006417980075179800061f98006b
:105e8000171f980079fe07000203be000002be0043
:105e9000f0ff2f00f1ff2f00f2ff2f00f3ff27008c
:105ea0000004620081846200020563008385630050
:105eb000281f9800391f98004a1f98005b1f980000
:105ec0006000b8000200200003ff27000040e1004e
:105ed00001c8e10002d0e10003d8e100bbfe3200be
:105ee000be0c90008984e900291f98005e0e900086
:105ef0008006eb005d0798002d1798006f003700b3
:105f00006e029000fe0290000e0b90009e0b90001f
:105f10006e109000fe1090000e1990009e199000d7
:105f200013050700440907000004be000205be0077
:105f300049040700800078000100e00006003a00f4
:105f40002e1090000000e000030032008d06e800f3
:105f50003d0f9800330037005e0190000200e00022
:105f60000c003a00ae1190000300e000090032007e
:105f7000e0c2b3006e1a900000727e000c06e800ca
:105f8000ae1a90008502e900251f98001600200037
:105f900056079800ee1b90000c8143000d0078001e
:105fa000070278000300370003c3b30003597800e9
:105fb0000000e9000000e000fbff3a00300f98000d
:105fc000641f98000d064600e98f500003003c0056
:105fd000000320000100400002003700700520008f
:105fe00001004000ae009000f98f500006003e0016
:105ff000800078000150a0001106b100f98f500018
:1060000001003e00abfd07006e19900000717e009c
:106010000c06e8008d86ea00ae1990008d814100e3
:10602000231f98006e029000fe0290000e0b90005d
:106030009e0b90000800be000a01be007b05070011
:106040000002be000203be006e109000fe10900021
:106050000e1990009e199000740407000002be0003
:106060000203be006417980075179800061f980079
:10607000171f98006022b8000600200007fb2300cd
:106080006e009000fe0090000e0990009e099000a6
:10609000660507000004be000205be006807980000
:1060a000790798000a0f98001b0f9800ae14900013
:1060b0008904e90029179800be0e90002e15900063
:1060c0000a00ea00be0590008b0f500004003d005e
:1060d0009e00780065805000800f560088ff3900d0
:1060e0005e0190000200e0001e003a000d00e0009a
:1060f0007d003400ce0190000300e0007a003400ff
:106100004e0a90000408a30077003a00ee1a9000af
:106110008c804200e0c2b300804878000d00780017
:106120008501780002c3b300826878000000e900ae
:10613000fcff3a00631f98000c8646000c06e8003e
:106140002e1b90000600e9000d005000201f980053
:1061500004003700e0c2b300ee1b900080737e00a5
:106160000c06e8006e1c90000c0044000048eb0098
:106170009e0478008900e9000041eb0002f47800f9
:106180008001eb006e0d90000a00e00003003d006e
:106190000a05ea006a0f9800130020001200200090
:1061a0006e0a9000810378002e1b90006e1c9000f8
:1061b000800678000900370081037800a5002000e0
:1061c000110009000502d8000002be000543b0001e
:1061d00005f47b000201e9000603e9008700e900fd
:1061e0000400e000f4ff3a00e10f5100f2ff32003a
:1061f000261f9800681f98000d00780001024400d7
:10620000b2c2b3000300e00001003200d2c2b3000a
:10621000024a78000101e900ee19900082804100f5
:1062200003c7b3002e029000f90f520001003e0098
:1062300003c5b30083487800820f560001003d007b
:1062400068ee0700ce0a900063806200e20f500003
:1062500018003a002e1b90000684e9004240a90075
:10626000140034006e189000f3fc07008000440016
:106270008100e800ee1b90008180430087017800d8
:1062800002003700e36078000000e900de0c9000b7
:10629000890f5000fbff3d00631f980009804100fb
:1062a0000801780001032000e4ed07000005eb0081
:1062b0002a0f98006e189000dffc07004e0a90002d
:1062c000ae09900000017800ee1890001e009000ca
:1062d00023f107004f06be004f05be004f04be006d
:1062e0000080fa0000000600ce0d90000b48a300cd
:1062f00098ff3a009bff3700000006004200fa00ba
:10630000889fbe008a9fbe008c9fbe002007980019
:10631000110f9800034f980011007800400f98006b
:1063200091009000610f98009e099000a3019000d9
:10633000330f98001e0a9000440290001407980042
:106340009e0a9000b5029000052798003204be0016
:106350002205be006022b8006033b8000800be000d
:106360000a01be00ff0207000000e00003003d003c
:106370000bf0a200d0c2b300040037004e0b900017
:106380000628a30009003200b0c2b3008e2390009b
:10639000804b78003e0890000000e900700f9800e4
:1063a00011002000510f9800100037004e09900096
:1063b0000238a3000900320000c2b3008e21900011
:1063c000804978003e0a90000402e900740f9800aa
:1063d00015002000550f9800040037003e0b900078
:1063e000760f98008003eb00570f98000800be005e
:1063f0000a01be00c0ff0700f4ff2f00f5ff2f00c9
:10640000f6ff2f00f7ff270004026000858260007e
:1064100006036100878361006000b800020020006d
:1064200003ff27000020e10001a8e10002b0e10025
:1064300003b8e10011003a000e4890008000fb0014
:106440001104b1000e219000de099000030041000c
:10645000f98f500002003e0061d520000100370096
:10646000a1d52000dfed0700a0d5200072fc0700b9
:106470005e0a900004014000150037000020e10092
:1064800001a8e10002b0e10003b8e100130036000a
:106490008e4a90008500fb001104b1000e2390008d
:1064a000de0b900007004300f98f500002003e0011
:1064b000e1d520000100370021d62000c9ed0700fa
:1064c00020d620005cfc0700de089000010140009f
:1064d0004e0a9000be099000500237006022b800ba
:1064e0006033b8000800be000a01be009d0207002c
:1064f0000000e0006a0032006022b80006002000c0
:1065000007ff230044179800551798006617980056
:10651000771798008006eb000800be000a01be0055
:10652000001f9800111f9800221f9800331f980029
:106530000e269000070037008d06e8000802be0016
:106540000a03be0044179800551798006617980074
:10655000771798006022b800060020004702240048
:106560004e109000de1090006e119000fe11900011
:106570002e0407000004be000205be000002be009b
:106580000203be000e1890009e1890002e19900075
:10659000be199000730207000000e000e6ff3d0016
:1065a0000c2798000006eb004e149000de149000bb
:1065b0006e159000fe1590002500370040ed2f006d
:1065c000808f560019003d000c00e00016003a00d4
:1065d0006022b80006002000073524000e18900045
:1065e0009e1890002e199000be1990000f0407000d
:1065f0000002be000203be00041f9800151f980091
:10660000261f9800371f98006022b800060020005f
:10661000073524000800be000a01be00030407007d
:106620000004be000205be001c0020006022b8006d
:1066300006002000470224000800be000a01be0038
:106640004b0307000004be000205be008d06e900f2
:106650000802be000a03be000e1890009e189000ab
:106660002e199000be1990003e0207000000e000c5
:10667000d2ff35000800be000a01be004017980096
:106680005117980062179800731798000e1c90001d
:106690009e1c90002e1d9000be1d9000080037002b
:1066a0006022b8000600200007ff2300441798006e
:1066b0005517980066179800771798008006eb002a
:1066c0008e4a90000500fb00f3fb0700104f980076
:1066d0006e0b9000600020000600e0000100350015
:1066e0006e08900071c6b3009e4b900081cf53009e
:1066f0000a003a00ee0890000100e000cf013200ed
:10670000cf0137008d0f5000d3013c00001f9800cf
:1067100052c6b300425f98001e0037009e499000a9
:10672000435f98000200370064c6b300445f9800de
:106730000000e800001f980060c6b300ce5a900029
:1067400080cf520013003a000d00e00008003d0029
:106750006000b8000200200003ff230040179800eb
:106760005117980062179800731798008006eb0085
:1067700061c6b300415f980070c6b3001e49900027
:10678000804f5100030032008e1990008d8141002e
:10679000031f98004e129000de1290006e139000be
:1067a000fe139000441f9800551f9800661f980024
:1067b000771f98000800be000a01be00001798006d
:1067c0001117980022179800331798000006eb0065
:1067d0000802be000a03be0054079800650798002f
:1067e00076079800070f9800310037004e1a900086
:1067f000de1a90006e1b9000fe1b90000e109000a1
:106800009e1090002e119000be119000d80207003b
:10681000090707000004be000205be000e020700c3
:1068200080027800250f98004e1a9000de1a900022
:106830006e1b9000fe1b90000800be000a01be0007
:106840007a0307000e1290009e1290002e13900003
:10685000be139000750207000002be000203be00d6
:1068600007f0a20004179800151798002617980043
:10687000371798006022b800060020004702240065
:106880004e189000de1890006e199000fe199000ce
:10689000b70207000002be000203be00441f9800ba
:1068a000551f9800661f9800771f98000c06e80097
:1068b0008e1a9000850f5600ccff35005e049000c4
:1068c000ee0490007e0590008e0d90006022b800ce
:1068d00006002000470124004e189000de189000aa
:1068e0006e199000fe199000500307000002be00d0
:1068f0000203be00441f9800551f9800661f9800b1
:10690000771f98000e1090009e1090002e1190009e
:10691000be119000930107000000e0000f00350059
:106920004e1a9000de1a90006e1b9000fe1b900025
:106930000e1090009e1090002e119000be1190003d
:10694000880107000000e00011003a00ae0a900044
:106950000508a300080032000d0037006000b800f1
:106960006011b800401f9800511f9800621f9800e6
:10697000731f9800060037006022b8006033b8002b
:10698000441f9800551f9800661f9800771f9800b5
:106990004e1a9000de1a90006e1b9000fe1b9000b5
:1069a0000800be000a01be00260207000002be0069
:1069b0000203be00041798001517980026179800c8
:1069c000371798006022b800060020004702240014
:1069d0004e109000de1090006e119000fe1190009d
:1069e000120307000004be000205be000002be0044
:1069f0000203be000e1090009e1090002e11900019
:106a0000be1190005c0107000000e00009003500a5
:106a10008d06e80060c6b300ce5a900080cf5200c9
:106a200008003a000e1b90000603e800061f9800bd
:106a3000110037004e149000de1490006e15900087
:106a4000fe15900050c6b3004e599000804f510083
:106a500009003a000802be000a03be00441f980065
:106a6000551f9800661f9800771f98008002eb0062
:106a700045179800070037000800be000a01be0055
:106a8000401f9800511f9800621f9800731f9800c4
:106a90004d1798005e0e90000001eb00220f980049
:106aa00032079800520798000d0f78006a003700ef
:106ab0004e1a9000de1a90006e1b9000fe1b900094
:106ac0000e1090009e1090002e119000be119000ac
:106ad00027020700580607000004be000205be009a
:106ae0005d010700e90f5000010034009000200014
:106af000ce0990000348a3000c003a000000e0001b
:106b00000a003a0071c6b3001e4a9000814f52003d
:106b100006003a00ce1290000500e00003003d00a0
:106b20002e0b90008606e80023003700be0390007d
:106b30000700e0000c003a00ce1090000100e000d9
:106b400009003d00e1c2b3000e21900001717e00fa
:106b50000c06e800fe0990008301e900730f98001d
:106b600014002000340798008e2290000c8142000f
:106b7000ae0e9000850178000300370001c3b3001a
:106b8000015978008d06e9000d00e000fbff3a0096
:106b9000032798002e0b9000060646000043b00025
:106ba00080717e000c06e8000680ea00fe0b900073
:106bb00080834300770f98004e1a9000de1a9000f1
:106bc0006e1b9000fe1b90000800be000a01be0074
:106bd000960207000e1290009e1290002e13900055
:106be000be139000910107000002be000203be0028
:106bf00007f0a200041798001517980026179800b0
:106c0000371798006022b8000600200047022400d1
:106c10004e189000de1890006e199000fe1990003a
:106c2000d30107000002be000203be00441f98000b
:106c3000551f9800661f9800771f9800ce1290008d
:106c40008502e900451798005e0390000603e800fe
:106c5000560798002d0f9800de0390000e18900044
:106c6000808f530005003d009e0890004100900079
:106c700065005000800f56008dff39009e06780099
:106c80003e0190000200e00007003a00ce099000ab
:106c90000348a30004003200e0c2b3000e229000bb
:106ca00000727e000c06e8008e2290000c804200ec
:106cb0000048eb0051c6b3004e5b9000814f53007b
:106cc00038003a009e0390008700e9000041eb0085
:106cd00082f278008001eb000d00e00002003d0030
:106ce0008d06ea0013002000220020000103780036
:106cf000fe0a90008e239000000478000a003700fe
:106d000001037800a4002000110009008406d800c7
:106d100001027800800678000443b00084737b0091
:106d20000201e9008502e9008600e9000d00e000ab
:106d3000f3ff3a000200e000f1ff3c00750f9800fd
:106d4000072798000800780001824300b2c2b30010
:106d50000300e00001003200d2c2b300024a780012
:106d60000101e9008e219000828041008e4a90004e
:106d70000502fb001404b10053c6b300f90f520022
:106d800001003e0053c4b300834878007e0b90009e
:106d90000683e900760f9800820f560001003d003f
:106da00090eb0700ce0b900063806300e20f500071
:106db00015003a007e0890000000e0001200340048
:106dc0000e2090001cfa07008e219000040037006e
:106dd0007e09900082804100e37078000000e900a5
:106de000de0a9000850f5000f9ff3d000327980050
:106df000058041007e099000010320000feb070091
:106e00000003eb00360f98000e2090000afa0700ee
:106e10004e0a9000be099000000178008e2090007c
:106e20002e0090004eee07004f06be004f05be003c
:106e30004f04be000080fa00000006001000200091
:106e4000e48f46002ffe3d00001f980057c6b30098
:106e5000475f98004ffe37000d00e00032fe35001e
:106e6000001f980042fe37000200fa00881f7800d9
:106e700000047800e2bf9f0064815700080078009a
:106e8000f6ef0700980090000148a30001003200cf
:106e90000080eb004f0478000080fa00000006003c
:106ea000881f780000047800486090008040e90066
:106eb00000c0700040649800d80090006800900006
:106ec000808f500005003600b80990000001eb00eb
:106ed0008200780008007800030001000000eb0049
:106ee000200c9800600498005004980098009000ce
:106ef0000118a300030032000140a0001104980013
:106f00000800370028019000380090000000410080
:106f100000149800700c98000000eb000138a300ea
:106f2000010032000080eb004f04780000000600f2
:106f3000020037000000060000000500fdff07000a
:106f4000806b80008000eb00fbff0700806b8000ff
:106f50008000eb00f8ff0700806b80008000eb00f2
:106f6000f5ff37008f1fd100fc0307008f87e90072
:106f70000000e00000000600809feb00f703070020
:106f80008f87e9000000e00000000600839f680092
:106f90000100e00002003d0060001000e0801800e9
:106fa0000300e00002003d0060011100e0811900d3
:106fb000850007004f00e00002003b006000100069
:106fc000e080180000000600801feb00e3030700cc
:106fd0008f87e9000000e0000000060081037800d0
:106fe000f5e507000001be006000b8000478a300ca
:106ff00013003a006220e10015003e000d00390048
:107000008301d1000281d3008180d3008301d100ac
:107010000281d3008180d3008301d1000281d3009b
:107020008180d3000538b000c42add00f300b2002f
:107030008381720007f0a70003f0a00000000600a3
:1070400083ff2700020020006110b900f9ff37001c
:1070500003ff2700f7ff37001400fa00889fbe00e7
:107060008a9fbe008c9fbe000004be000205be00c9
:10707000680047000a90be000890be00f2030700b7
:107080000070a7000bf0a100304320009e0290008a
:1070900080825200b0fe2f000028e10011003d0068
:1070a000b0fc2f000028e100150034001e099000fc
:1070b0008e0890007e0090000501b0000201d10012
:1070c0008180d3000080d3008502e800fbff3a00f6
:1070d0000b00e00017043b0060001000e080180087
:1070e00014043700f0ff2f00f1ff27000b00e00031
:1070f00010043b0001002800000020000d043700b0
:107100006000b8000b0437004f89de008201780070
:107110000d0437006011b8001b0437001400fa009a
:10712000889fbe008a9fbe008c9fbe000005be00e7
:107130000206be00680047000c90be000a90be0028
:10714000c10307006400e1001a00320016003e008f
:107150006100e1001a0032006e049000fe0490000d
:107160000e0b90009e0b90006011b8009e059000e1
:107170000b38b100d50120008281710061016400eb
:107180008703d1000683d3008984d3000884d30009
:107190008502e900f8ff3a004be907000df0a7006f
:1071a00001f0a000e303370001fc270000002000ed
:1071b000faff370001f8270000002000f7ff370032
:1071c0006000b800f5ff37006022b800060220001a
:1071d0000000d0008180d2000482d2008582d200db
:1071e0000000a0000202520083825a000300310016
:1071f0000202420083824a000000a1000603e90067
:10720000f3ff3a0000000600efff07000400be0095
:1072100000000600020ab900001bb9000200b80015
:107220008100420081004300000006008c9fbe00e8
:107230008a9fbe00889fbe00ca0107000bf0a20013
:10724000040037008c9fbe008a9fbe00889fbe004e
:10725000c40107000c48e1000b003a000c40e100bb
:10726000020032008b010700400037008b066d00e2
:107270003e0032000af0a100f3012000f2ff2f00cf
:107280006110b900390037000c40e10037003200ce
:107290000940e100010036007e0107008a856d008b
:1072a000cf5dde000b0575000006eb008804fd00d5
:1072b00089045400010032007d0107000a04e00047
:1072c00011003a000800e0002800320004004000ed
:1072d0008580480006014900878149000358a300c2
:1072e000180032008301d1000281d3008180d300d5
:1072f0000080d3000c86d3000100390061067600bf
:107300000804e80018003700040050008580580089
:107310000601590087815900060031000af0a200d9
:107320000c06ea0060001800e080180060011900f7
:10733000e081190003003a000004eb000005eb00b7
:107340000a0037000348a30007003a000c06460075
:107350000000480081804800020149008381490003
:107360000804e900f7ff3700af013700c901370013
:107370008c9fbe008a9fbe00889fbe0079010700d7
:107380000b056d000940e1000a003a000800e0002a
:10739000020032000c40e10006003a000af0a100b1
:1073a0000c047800f3012000f2ff2f006110b900f7
:1073b0009d0037000c40e1009b0032000800e00017
:1073c000990032000c48e10002003a000004eb0092
:1073d000030037000900e00004003a000c047800c4
:1073e0006000b8006011b8008f0037000348a300a8
:1073f00006003a0000004000818048000201490078
:10740000838149000804e900f8ff37000748a3001a
:1074100006003a000402420085824a0006034b003f
:1074200087834b008904e900f8ff3700fd3f200007
:107430008d845400090454008a1f7800881f780046
:107440000004780081047800020578008305780044
:107450006000b8006011b8000d042000050037007e
:107460000804440089844c000a054d008b854d00ba
:10747000080031000404540085845c0006055d00aa
:1074800087855d008381d2008d06d300f4ff3b0029
:10749000070037000404440085844c0006054d00b5
:1074a00087854d008381d2008d06d300ecff3b0021
:1074b0000804440089844c000a054d008b854d006a
:1074c000080031000404540085845c0006055d005a
:1074d00087855d000281d2008d06d300f4ff3b005a
:1074e000070037000404440085844c0006054d0065
:1074f00087854d000281d2008d06d300ecff3b0052
:107500000804440089844c000a054d008b854d0019
:10751000080031000404540085845c0006055d0009
:1075200087855d008180d2008d06d300f4ff3b008b
:10753000070037000404440085844c0006054d0014
:1075400087854d008180d2008d06d300ecff3b0083
:107550000804440089844c000a054d008b854d00c9
:10756000080031000404540085845c0006055d00b9
:1075700087855d000080d2008d06d300f4ff3b00bc
:10758000070037000404440085844c0006054d00c4
:1075900087854d000080d2008d06d300ecff3b00b4
:1075a0000b00e00004003d000404440085844c000e
:1075b00006054d0087854d000006eb008301d100d4
:1075c0000281d3008180d3000080d3000c86d300d9
:1075d0008301d1000281d3008180d3000080d300d9
:1075e0000c86d300890474008b0575008b847400ad
:1075f00001003200610676004f0478004f057800e4
:107600000348a30007003a000c06460000004800ab
:107610008180480002014900838149000804e90093
:10762000f7ff3700000137001a0137008c9fbe00ba
:107630008a9fbe00889fbe00ca0007000b056d0030
:107640008a0578000c40e10008003a000900e000db
:1076500082003a000af0a1000c047800f301200037
:10766000f2ff2f006110b9007c0037000c48e100e8
:1076700004003a00870007000900e00077003a00a4
:10768000f4ff37000800e000740032000900e00059
:1076900002003a007f00070070003700ed3f200035
:1076a0008d845400090444008a1f7800881f7800e4
:1076b000871f7800861f7800851f7800841f780058
:1076c000cb19dd00c515de008b8571004b11dd0087
:1076d000450dde000a057100cb08dd00c504de00a3
:1076e000898470004b04dd000440b8000546b800f2
:1076f0008c80400060814e00044eb8008c804000b9
:107700000d0149008001eb000318ad000456b800dc
:107710000c0141008d8149000002eb000420ad0006
:107720000646b8000c0141008d81490060024a0004
:10773000054eb8000c0141008d81490060024a00ed
:107740000556b8008c8141000d024a008002eb0012
:107750000528ad000746b8008c8141000d024a00a3
:10776000e0824a00064eb8008c8141000d024a00ba
:10777000e0824a004f0678000c5eb8008c81410020
:107780000d024a00e0824a000656b8000c02420090
:107790008d824a000003eb000630ad00074eb800b2
:1077a0000c0242008d824a0060034b004f067800b5
:1077b0000c5eb8000c0242008d824a0060034b0050
:1077c0000756b8008c8242000d034b008003eb008b
:1077d0000738ad004f0678000c5eb8008c8242007e
:1077e0000d034b00e0834b004f0678000c5eb800a1
:1077f0000c0343008d834b004f0478004f05780045
:107800000748a3000a003a000000400081804800b9
:10781000020149008381490004024a0085824a002e
:1078200006034b0087834b000804e900f4ff370090
:1078300003067800808070008280700001003200b2
:1078400061067600870178000601780085007800df
:107850000400780088047800780037008d00370035
:107860008c06460002003a000000a6000000060058
:1078700060004800e080480060014900e081490064
:107880000350a600000006008301d1000804e800b0
:10789000000006000002fd008102fd000203fd0061
:1078a0008303fd008804fd008a05fd00000006003a
:1078b0007048e1001a0039007d0320000d48e10006
:1078c0000a00390081057000830671008c857500ff
:1078d0008d8575000006eb000cd8e7006106760088
:1078e0006000b8006011b800000006007048e100b8
:1078f0000b0039008c057800000678000100780044
:1079000082007800030178008001eb0003d8e700d3
:1079100061067600f0845400f4ff3a00000006008f
:107920006160e1000c48ad00f08514008b06dd00bd
:107930000966de000d0676008b0edd000900de0014
:107940000d0070008b16dd008908de008d80700050
:107950008b1edd000911de000d0171008919de00aa
:10796000000006000d002800fc7f20000d8561004e
:10797000441cde00ef8161000c0464000100320051
:107980000340a0008d856300c43cde00ef836300ec
:107990008c846400010032000740a0000c40e1002c
:1079a00006003a00ef8661008286760081867600c6
:1079b0008086760001003200180037000c48e10094
:1079c00007003a00ef86630086867600858676009b
:1079d0008486760002003200aeff07000f003700f9
:1079e0000348a30005003a008106700082867600f5
:1079f00083867600010032000804e8000748a300ef
:107a000005003a0085067200868676008786760035
:107a1000010032008904e80000000600cf0478006d
:107a2000cf0578001b003700000278008102780043
:107a30000203780083037800880478000cf0a70024
:107a400087ff0700fd7f20000d40e10004003500a6
:107a50000d0478006000b8006011b8000d00370018
:107a60000800e0000b003c0004007800850078006e
:107a70000601780087017800e18414008cff07007c
:107a80000cf0a70076ff07000004eb000340a700fe
:107a90000804e8004444dd006fc5610088017500fa
:107aa0004f04be004f05be004f06be00000006009a
:107ab000889fbe008a9fbe0030044200b0844a0006
:107ac00030054b0090854b006000b1000898be0067
:107ad0000a90be000440e10005c8e10006d0e100c4
:107ae00007d8e10002003100680040001008e800fb
:107af0004f05be004f04be0000000600889fbe0078
:107b00008a9fbe003004be002005be000418540049
:107b100005985c0006185d0007985d0011002000c4
:107b20000440e10005c8e10006d0e10007d8e1000b
:107b3000010039008000eb00108810004f05be00e6
:107b40004f04be00000006001200fa00889fbe002d
:107b50008a9fbe008c9fbe00e0b79f00f1b79f00d8
:107b600082bf9f0093bf9f000605be000404be00b5
:107b70000000eb00d0b79f00c0b79f00b0b79f00d8
:107b8000a0b79f0090b79f00000678005fb19700f4
:107b9000cfb09700820141003fb097000200e000a3
:107ba00004003d00370007007e805700c0ff07003b
:107bb00003003700330007007e805700cfff070027
:107bc000dfb697000d00e0000c0035006fb29700a3
:107bd000ffb297000fbb97009fbb970010002000db
:107be000010020006011b800000272008182720062
:107bf00002037300838373001b0007000c06e80078
:107c000001042000810f5600e0ff3a000d00e00063
:107c100004003d000802be000a03be007e8057003b
:107c2000a3ff07005fa897000000e00005003a00ee
:107c30001fb29700afb297003fb39700cfb3970042
:107c4000090007006fb09700ffb097000fb99700c9
:107c50009fb997004f06be004f05be004f04be00ff
:107c60000080fa0000000600010007000000060086
:107c7000a4b79f00b5b79f00c6b79f00d7b79f00b6
:107c8000000006004f09de0082817100b3b79f003b
:107c90004f01de008180400082807000a1b79f000c
:107ca0008fb097004f09de00000040000200700016
:107cb00090b79f007fa897004f01de0081804000b1
:107cc0008280700081b79f000d0007004f3ade00f0
:107cd0000000400004007000f0af9f0008000700a3
:107ce0000402420085824a0006034b0087834b0052
:107cf000dfff07000802be000a03be000000060006
:107d00002fb29700bfb297004fb39700dfb3970031
:107d100000000600881f780018002000881f7800e7
:107d200089ff07008f87e9004f04780000000600f4
:107d3000801feb0084ff07008f87e900000006002a
:107d4000889fbe008a9fbe00e00f5000e08f580061
:107d5000e00f5900e08f59000c003d006044b8006e
:107d60006055b8000000540081805c0002015d0095
:107d700083815d00180020001500070008003d0009
:107d8000180007000004eb00050037000004eb00ba
:107d90000f00070002003d0012000700180020003d
:107da000dcff07000800e000060032006022b80097
:107db0006033b8000000520081805a0002015b006d
:107dc00083815b004f05be004f04be00000006002b
:107dd000e00f5200e08f5a00e00f5b00e08f5b0085
:107de000000006006044b8006055b800040254006a
:107df00085825c0006035d0087835d00000006004d
:107e0000889fbe008a9fbe008c1f7800e00f500044
:107e1000e08f5800e00f5900e08f59000d003d0041
:107e20006044b8006055b8000000540081805c00d8
:107e300002015d0083815d001c0020000820e1003c
:107e400009a8e1000ab0e1000bb8e1000d003d0017
:107e5000080037000006eb00e00f5200e08f5a00e8
:107e6000e00f5b00e08f5b0006003d006044b8005f
:107e70006055b8000402540085825c0006035d0072
:107e800087835d00aaff07000c00e00006003200b7
:107e90006022b8006033b8000000520081805a00b0
:107ea00002015b0083815b004f0678004f05be0036
:107eb0004f04be0000000600889fbe008a9fbe00df
:107ec0008c1f78000006eb00e00f5000e08f580098
:107ed000e00f5900e08f590007003d006044b800f2
:107ee0006055b8000000540081805c0002015d0014
:107ef00083815d001c002000e00f5200e08f5a00db
:107f0000e00f5b00e08f5b0007003d006044b800bd
:107f10006055b8000402540085825c0006035d00d1
:107f200087835d000c00a200c20007000c00e00087
:107f3000060032006022b8006033b8000000520032
:107f400081805a0002015b0083815b004f0678004c
:107f50004f05be004f04be0000000600889fbe0013
:107f60008a9fbe008c9fbe000404be000605be00b2
:107f7000809fbe00829fbe0021000700040678009b
:107f80000800be000a01be001d000700840678003c
:107f90004f03be004f02be008d4f76007fb09700aa
:107fa00013003300f0ff2f008b8f6b0006003b00a7
:107fb0000d0666000c00a7000a00370007f0a600b7
:107fc000100020000a003700880f5200898f5a00e5
:107fd0008a0f5b008b8f5b000300390010002000cc
:107fe00001003e000000200007f0a7000000ea00aa
:107ff0004f06be004f05be004f04be000000060045
:1080000005ff270005826100070032000428e10017
:1080100001003200240005000600070001003a00bc
:10802000440005000408050002000700f9ff3a00bb
:10803000140005006f8261008102700085027100ea
:108040008502720000000600800078005002be0029
:108050005003be004439de00f700b200f37f200079
:1080600003016100090032000218e10016003a0025
:108070008501720083017300838173000008200072
:1080800015003a00400020001300370085017200ff
:10809000830173008381730005003a0004a8be00c9
:1080a00006a8be00100020000b0037000201e90006
:1080b0000402420085824a0006034b0087834b007e
:1080c0000748a300f9ff32000740a00004a8be0043
:1080d00006a8be00200020008000980092009800b2
:1080e00000000600680447000294be000094be0031
:1080f000fc0447008694be008494be00090078000a
:10810000d1ff070008007800cfff07009900780032
:10811000814f70000b003b000800be009300070079
:108120004f00b10003003700f3ff2700f2ff2f00dc
:108130006110b9004f06be004f05be004f04be00df
:108140000080fa0000000600881f78000304780011
:108150000300e00007003d0060001000e080180010
:1081600060011900e081190002003b0001f02d00c0
:10817000030037000400070008f0a70003f0a00088
:108180004f04780000000600889fbe000082700047
:108190000402710004827100240032003643200082
:1081a000c50020008383cf000a0039000541b100db
:1081b0008283cf00070039000541b1008183cf00e1
:1081c000040039000541b1008083cf00010039006f
:1081d0000541b10085c353006022b800120032008f
:1081e0000a003b0084827200610260008301d100ba
:1081f0000281d3008180d3000080d3000603e80011
:108200008743e800f7ff3a0007003700000040000e
:108210008180480002014900838149000603e9008a
:108220008743e900f9ff3a00240007004f04be002d
:1082300000000600889fbe008a9fbe008c9fbe0083
:108240000404b8000506b8008904460060854e00a5
:108250000606b8000a054600e0854e000706b8008d
:108260008b054600040eb800890446000a854e00be
:10827000e0854d00050eb8000a0546008b854e00ce
:10828000060eb8008b0546000416b8000a05460025
:108290008b854e000516b8008b054600041eb800fd
:1082a0008b0546000800be000a01be004f06be0056
:1082b0004f05be004f04be0000000600180020005d
:1082c00057002000080453000d003d000600200068
:1082d00097fc2f000740e1001e00340084827200ea
:1082e000610260008301d1000281d3008180d3004c
:1082f0000080d3000804e800f8ff3a00470020009f
:108300006104600005047400040464000d00320080
:1083100061004000e080480060014900e0814900c0
:1083200003b8a500070032000603e8006538e10045
:1083300004003a008301d1000281d3008180d30080
:108340000080d300f87f20000830e10003003500f2
:10835000080378006000b8006011b8004433dd0005
:10836000f300b2008301730000000600e4824000c5
:108370001078a30007003200640240001178a300c7
:108380003400be001401be00040032000330a70018
:10839000000006003500be001501be000330a0003d
:1083a00000000600889fbe008a9fbe000004be0039
:1083b0000205be006000b800020020000300280093
:1083c0000002620081826200020363008383630013
:1083d000f0ff2f00f1ff2f00f2ff2f00f3ff270027
:1083e00000006400818064000201650083816500f3
:1083f00000007200818072000201730083817300ab
:108400004f05be004f04be0000000600f4ff2f0021
:10841000f5ff2f00f6ff2f00f7ff27000402600092
:108420008582600006036100878361000400be004e
:108430000601be00000006001800fa00889fbe007a
:108440008a9fbe008c1f78000004be000205be009b
:108450000802be000a03be00443ade00f07f20009e
:108460000006620020432000800f560067003c0099
:108470006022b8006033b8000800be00b9fa0700f7
:108480000000e000610032000802be000a03be00e6
:10849000b4b79f00c5b79f00d6b79f00e7b79f004e
:1084a000e00f5200e08f5a00e00f5b00e08f5b00ae
:1084b0000b003d006022b8000600200007332400b6
:1084c0000800be000a01be0058fb07006022b80089
:1084d00006002000073324005afb07000a0037007b
:1084e0006022b80006002000073324000800be0008
:1084f0000a01be0053fb07006022b80006002000fe
:108500000733240049fb07000802be000a03be002f
:1085100046fb07000002be000203be00f4b79f0046
:1085200085bf9f0096bf9f00a7bf9f00e03f200030
:10853000800f560017003c007fb097008fb897005f
:108540001fb99700afb99700f0af9f0081b79f00a8
:1085500092b79f00a3b79f006044b8006055b80071
:108560003fb29700cfb297005fb39700efb3970089
:10857000e00f5200e08f5a00e00f5b00e08f5b00dd
:1085800022003d006044b8000a0020000bff2b00d1
:108590001e0037006022b8006033b8007fb097003b
:1085a0008fb897001fb99700afb9970072fa07000c
:1085b0000000e0000c0034007fb297008fba9700f3
:1085c0001fbb9700afbb97000800be000a01be00aa
:1085d0001cfb07006022b8000600200007ff2300f4
:1085e00012fb0700070037007fb297008fba970091
:1085f0001fbb9700afbb97000800be000a01be007a
:1086000010fb07000004be000205be000800be000b
:108610000a01be004f0678004f05be004f04be00a1
:108620000080fa0000000600000006002f03b000e2
:10863000889fbe008a9fbe008c9fbe008e1f780060
:108640000004be000205be000400be000601be001c
:10865000d0b79f00e1b79f00f2b79f0083bf9f0094
:108660000203be000002be00d4af9f00e5af9f0032
:10867000f6af9f0087b79f000400420085804a0044
:1086800006014b0087814b00d0a79f00e1a79f0008
:10869000f2a79f0083af9f00e00f5000e08f5800cb
:1086a000e00f5900e08f5900310032005fb09700b1
:1086b000efb097007fb197008fb99700daff0700fe
:1086c0000203be000002be0090af9f00a1af9f005a
:1086d000b2af9f00c3af9f00f0ff2f00f1ff2f004c
:1086e000f2ff2f00f3ff2700000262008182620088
:1086f000020363008383630094a79f00a5a79f00e4
:10870000b6a79f00c7a79f006000b8000200200026
:1087100003ff27000020e10001a8e10002b0e10012
:1087200003b8e10012003e000800be000a01be00ce
:1087300090af9f00a1af9f00b2af9f00c3af9f005b
:108740004418de006011b8008000eb0090a79f0085
:10875000a1a79f00b2a79f00c3a79f00f07f2000a2
:108760009fa2970000866200800f56000b003a001f
:108770005fb29700efb297007fb397008fbb97006f
:108780000800be000a01be00a8fb07000002be00f0
:108790000203be00f6fa07001b0037001fa897006f
:1087a000afa897003fa99700cfa99700000040000d
:1087b00081804800020149008381490090a79f0001
:1087c000a1a79f00b2a79f00c3a79f005fa2970029
:1087d000efa297007fa397008fab97000400e10002
:1087e0000588e1000690e1000798e10009003e00dd
:1087f0001c013a006022b8006033b8000800be00d7
:108800000a01be0089fb07000004be000205be008d
:10881000140137000c00e00023003a001fa8970065
:10882000afa897003fa99700cfa99700c5002000e7
:108830000000d0008180d2000281d2008381d2006a
:108840008502e900faff3a00050037000c06e9004e
:1088500000004000818048000201490083814900f6
:10886000e00f5000e08f5800e00f5900e08f5900f2
:10887000f6ff3d00610016001faa9700afaa9700ff
:108880003fab9700cfab97000000e9000500330035
:108890000402d0008582d2000683d2008783d200f2
:1088a000f9ff37001b003700f4ff2f00f5ff2f0002
:1088b000f6ff2f00f70020001fa89700afa8970031
:1088c0003fa99700cfa99700040060008580600051
:1088d0000601610087816100d0a79f00e1a79f008a
:1088e000f2a79f0083af9f006000b8000200200045
:1088f000030120005fa29700efa297007fa39700db
:108900008fab970000027200818272000203730035
:108910008383730094a79f00a5a79f00b6a79f001d
:10892000c7a79f005faa9700efaa97007fab9700a9
:108930008fb39700443ade00fd7f20008d06620071
:108940002f003a005faa9700efaa97007fab97002d
:108950008fb39700ce0020000402d0008582d200a1
:108960000683d2008783d2000e07e900faff3a009f
:108970001fa09700afa097003fa19700cfa197003d
:10898000050037008d06e9000402420085824a0096
:1089900006034b0087834b00e00f5200e08f5a0024
:1089a000e00f5b00e08f5b00f6ff3d000203be00be
:1089b0000002be00618716005fa89700efa897002d
:1089c0007fa997008fb197000e07e90005003300db
:1089d0000000d0008180d2000281d2008381d200c9
:1089e000f9ff3700d0af9f00e1af9f00f2af9f00cb
:1089f00083b79f000400be000601be001b003700c5
:108a00005fa89700efa897007fa997008fb1970004
:108a1000f4ff2f00f5ff2f00f6ff2f00f7002000d6
:108a200004006000858060000601610087816100ac
:108a30006022b8000600200007012000040070003a
:108a4000858070000601710087817100d0af9f00a2
:108a5000e1af9f00f2af9f0083b79f001fa0970078
:108a6000afa097003fa19700cfa197000802be00da
:108a70000a03be00d4a79f00e5a79f00f6a79f00aa
:108a800087af9f0012003700e00f5200e08f5a00be
:108a9000e00f5b00e08f5b000800350005003a0046
:108aa0005fa49700efa497007fa597008fad970074
:108ab00050ff37000400be000601be000000400069
:108ac0008180480002014900838149000c06e900c9
:108ad0005fac9700efac97007fad97008fb5970024
:108ae00008025000898258000a0359008b835900fc
:108af0008d0f5600e4ff3c0090a79f00a1a79f00a8
:108b0000b2a79f00c3a79f005fa49700efa49700a0
:108b10007fa597008fad9700e00f5200e08f5a00bd
:108b2000e00f5b00e08f5b0008003d0012003700a3
:108b30000400be000601be0094a79f00a5a79f00e9
:108b4000b6a79f00c7a79f000b003700e00f520099
:108b5000e08f5a00e00f5b00e08f5b00f4ff3a000b
:108b600024ff3700000040008180480002014900d6
:108b7000838149000c06e9000203be000002be002a
:108b8000443ade006033b8008002eb00e00f520090
:108b9000e08f5a00e00f5b00e08f5b00f1ff3200d6
:108ba00090a79f00a1a79f00b2a79f00c3a79f0007
:108bb0000c00e000110034006022b8000600200024
:108bc00007ff2f0004024000858248000603490089
:108bd000878349006164b900614db900c445dd0077
:108be0000005eb006044b800040074008580740048
:108bf00006017500878175000c00370061061600bc
:108c00001fa09700afa097003fa19700cfa19700aa
:108c10000c06e900050033008301d1000281d30076
:108c20008180d3000080d300f9ff37001fac97008c
:108c3000afac97003fad9700cfad97004f5cde0023
:108c4000cfc4de00614db900cf45dd000005eb006b
:108c50006044b80008047000898470000a0571003f
:108c60008b8571000800be000a01be004f07780026
:108c70004f06be004f05be004f04be002f03b100db
:108c800000000600889fbe0002047800f90720005b
:108c9000890f54000d0034000200200003f027006b
:108ca000a7e00700f807b100890f5400170034004f
:108cb0000200200003f02700a1e00700f807b10040
:108cc000890f540010003c001000370029f82f00d5
:108cd000890f54000d003d000200200003c8200051
:108ce00097e007006806b000890f540007003d00b8
:108cf0000200200003c8200091e007006806b000d1
:108d0000890f540001003d0009047800f20720009b
:108d100008014100cf91de00c711dd0002002000f4
:108d200087e007004f04be0000000600889fbe00d9
:108d300004047800f93f2000890f54000f0034002c
:108d40006022b8000600200007fe270037fa07005f
:108d5000f83fb100890f54001a0034006022b800b7
:108d60000600200007fe270030fa0700f83fb10098
:108d7000890f540012003c001200370029c02f0058
:108d8000890f54000f003d006022b800060020004b
:108d90000736200025fa0700983cb000890f5400e0
:108da00008003d006022b8000600200007362000c1
:108db0001efa0700983cb000890f540001003d00e6
:108dc00009047800f43f200008024200cfa2de0030
:108dd000612bb900c423dd000003eb006022b80062
:0c8de00012fa07004f04be00000006005d
:020000040000fa
:04009400dc0200008a
:020000040000fa
:0400ec000403000009
:020000040000fa
:0400f0002a030000df
:020000040000fa
:020000040001f9
:0457fc003e3f00002c
:020000040000fa
:020000040001f9
:0457f8009f79000095
:020000040000fa
:108dec00256400002e2500003032000064000000d5
:108dfc00ec4c0000e44c0000f44c0000d04c0000a3
:108e0c00544500004d50000009250000750000007d
:020000040000fa
:108e1c001600fa00200f9800640f47000000eb00ca
:108e2c0010079800090037002e08900010007800f9
:108e3c00000001009e007800804878001e0fe800ba
:108e4c001e0090000000e800100798001e00900023
:108e5c00ef0f500005003c002e0890001000900011
:108e6c00000001000000e000efff3a001e00780057
:108e7c008040eb0001487800640047004ae207009c
:108e8c000080fa00000006001600fa00200f98007f
:108e9c00640f47000000eb00100798000900370032
:108eac002e08900010007800000001009e00780051
:108ebc00804878001e0fe8001e0090000000e800bb
:108ecc00100798001e009000ef0f500005003c00aa
:108edc002e08900010009000000001000000e0003f
:108eec00efff3a001e0078008040eb00014878004c
:108efc004e4090000080fa00000006001600fa00b8
:108f0c00200f9800640f47000000eb00100798003a
:108f1c00090037002e0890001000780000000100b6
:108f2c009e007800804878001e0fe8001e0090001c
:108f3c000000e800100798001e009000ef0f500092
:108f4c0005003c002e08900010009000000001006d
:108f5c000000e000efff3a001e0078008040eb00bc
:108f6c0001487800640047001be2070000407800cd
:108f7c000080fa00000006001600fa00200f98008e
:108f8c00640f47000000eb00100798000900370041
:108f9c002e08900010007800000001009e00780060
:108fac00804878001e0fe8001e0090000000e800ca
:108fbc00100798001e009000ef0f500005003c00b9
:108fcc002e08900010009000000001000000e0004e
:108fdc00efff3a001e0078008040eb00014878005b
:108fec0064004700fce107000080fa000000060066
:108ffc001600fa00200f9800640f47000000eb00e9
:10900c0010079800090037002e0890001000780017
:10901c00000001009e007800804878001e0fe800d8
:10902c001e0090000000e800100798001e00900041
:10903c00ef0f500005003c002e089000100090002f
:10904c00000001000000e000efff3a001e00780075
:10905c008040eb0001487800640047000ee20700f6
:10906c000080fa00000006001600fa00200f98009d
:10907c00640f47000000eb00100798000900370050
:10908c002e08900010007800000001009e0078006f
:10909c00804878001e0fe8001e0090000000e800d9
:1090ac00100798001e009000ef0f500005003c00c8
:1090bc002e08900010009000000001000000e0005d
:1090cc00efff3a001e0078008040eb00014878006a
:1090dc006400470024e207000080fa00000006004c
:1090ec001600fa00200f9800640f47000000eb00f8
:1090fc0010079800090037002e0890001000780027
:10910c00000001009e007800804878001e0fe800e7
:10911c001e0090000000e800100798001e00900050
:10912c00ef0f500005003c002e089000100090003e
:10913c00000001000000e000efff3a001e00780084
:10914c008040eb000148780064004700a2e1070072
:10915c00004078000080fa00000006001600fa00bb
:10916c00200f9800640f47000000eb0010079800d8
:10917c00090037002e089000100078000000010054
:10918c009e007800804878001e0fe8001e009000ba
:10919c000000e800100798001e009000ef0f500030
:1091ac0005003c002e08900010009000000001000b
:1091bc000000e000efff3a001e0078008040eb005a
:1091cc00014878006400470083e107000080fa0042
:1091dc00000006001600fa00200f9800640f4700ec
:1091ec000000eb0010079800090037002e089000d3
:1091fc0010007800000001009e0078008048780084
:10920c001e0fe8001e0090000000e80010079800f8
:10921c001e009000ef0f500005003c002e0890003f
:10922c0010009000000001000000e000efff3a0089
:10923c001e0078008040eb00014878006400470075
:10924c0095e107000080fa00000006001600fa0005
:10925c00200f9800640f47000000eb0010079800e7
:10926c00090037002e089000100078000000010063
:10927c009e007800804878001e0fe8001e009000c9
:10928c000000e800100798001e009000ef0f50003f
:10929c0005003c002e08900010009000000001001a
:1092ac000000e000efff3a001e0078008040eb0069
:1092bc000148780064004700abe107000080fa0029
:1092cc00000006000a00fa002007980031079800f9
:1092dc0042079800be009000010f78000000eb00e0
:1092ec0010079800090037002e009000100078003d
:1092fc00000001009e007800804878001e0fe800f6
:10930c001e0090000000e800100798009e009000de
:10931c004e009000808f500005003d002e00900004
:10932c0010009000000001000000e000eeff3a0089
:10933c001e0078008040eb00014878000080fa00a5
:10934c00000006005e00fa00881f7800402f98008d
:10935c00512f9800622f9800de289000010f7800a2
:10936c000e017800e202b000040009000019eb00c5
:10937c000000eb0020079800770137001e007800f2
:10938c009040780050c2b30080cf50002c013a00be
:10939c000000eb0020079800000120003007980027
:1093ac00e00220000e004000a20020008000eb0034
:1093bc009fe107000000eb00100798000801370040
:1093cc001e00780090407800e20220000e0141005f
:1093dc001e00900000004100014878001e0078003b
:1093ec00104078000000fb0061062000810f500047
:1093fc00d400320061062000810f500007003c00b1
:10940c0031062000810f50000e0032004106200072
:10941c00810f500075003200ed003700c1062000ae
:10942c00810f50001300320051072000810f5000b3
:10943c001800320081062000810f5000110032000c
:10944c00e300370010002000200798006e289000e1
:10945c000080e900602f98006e28900010007800c2
:10946c0000407800007f98000040eb00107f9800cf
:10947c00d70037003e0090000000400030079800f5
:10948c00d30037003e0090000000d1003007980058
:10949c00cf00370010002000200798001e0090001d
:1094ac000000e800000047008040eb006168980075
:1094bc003e009000f00f50000c003200f00f5000f6
:1094cc0003003e00e80f500008003200c0003700d7
:1094dc0001022000810f5000150032000104200011
:1094ec00810f500026003200b90037006e28900022
:1094fc000080e900602f98006e28900090017800a1
:10950c0063079800800320000e0040006e0290005c
:10951c00841f7800e10220008e804000811f7800bb
:10952c0001022000a6e10700e48757002e00370057
:10953c006e28900064005000602f98006e289000f8
:10954c001003be0076079800070f980082032000d6
:10955c000e0141007e0090008e089000809fbe009e
:10956c00e00220000e004000801f78000102200065
:10957c000200780092e10700e68757001a003700d6
:10958c006e28900068005000602f98006e289000a4
:10959c003002be002003be00140f9800250f980067
:1095ac00360f9800470f9800840320000e024200eb
:1095bc001e089000ae0890003e099000ce09900065
:1095cc00809fbe00829fbe00e00220000e00400083
:1095dc00801f7800010220000400780078e1070069
:1095ec00ea875700000000007900370010002000c7
:1095fc00200798001e0090000000e80000004700c3
:10960c008040eb00616898003e009000f00f500025
:10961c000c003200f00f500003003e00e80f500029
:10962c00080032006a00370001022000810f500050
:10963c001500320001042000810f5000260032007a
:10964c00630037006e2890000080e900602f9800be
:10965c006e28900090027800550f9800800320002f
:10966c000e0040005e0b9000861f7800e102200087
:10967c008e804000811f78000102200050e107001d
:10968c00e48757002e0037006e28900064005000cd
:10969c00602f98006e2890001001be00620f980099
:1096ac00730f9800820320000e0141006e08900099
:1096bc00fe089000809fbe00e00220000e004000db
:1096cc00801f780001022000020078003ce10700b6
:1096dc00e68757001a0037006e289000680050008b
:1096ec00602f98006e2890003002be002003be0050
:1096fc00041798001517980026179800371798002c
:10970c00840320000e0242000e1090009e10900068
:10971c002e119000be119000809fbe00829fbe0053
:10972c00e00220000e004000801f780001022000a3
:10973c000400780022e10700ea87570000000000cf
:10974c002300370010002000200798001e00900016
:10975c000000e800000047008040eb0061689800c2
:10976c003e009000f00f5000030032000102200078
:10977c00810f500015003a006e28900064005000d4
:10978c00602f98006e2890001003be0046179800ba
:10979c0057179800820320000e0141004e109000d4
:1097ac00de109000809fbe00e00220000e00400002
:1097bc00801f7800010220000200780000e1070001
:1097cc00e687570000000000010037000000000091
:1097dc001e0fe8001e0090000000e8001007980023
:1097ec001e009000e80f500003003e002e00900079
:1097fc000000e000f2fe3200800320000e0040006a
:10980c0040079800080037004e2890009000780020
:10981c004e00900010407800010001004e009000b6
:10982c000000e800400798004e00900010407800bf
:10983c000004e000f4ff3a001e0fe9004500370079
:10984c001e0078009040780040c2b30080cf5000da
:10985c003b003a001e0fe8001e0078001040780014
:10986c000004e000410032001e0078001040780037
:10987c000000fb0021072000810f50001700320070
:10988c0031072000810f500027003a006e2890000d
:10989c000080e900602f98006e28900090037800fb
:1098ac0057079800080037004e2890009000780069
:1098bc005e009000104078005e0190000201e8000c
:1098cc0052079800010001005e00900010407800e3
:1098dc000004e000f4ff3a001e0037006e289000f0
:1098ec000080e900602f98006e28900090007800ae
:1098fc0061179800060037004e289000100478007d
:10990c006e109000100078000000010008000100ab
:10991c006e10900010009000000001000000e000ac
:10992c00f5ff3a000b0037004e28900090007800ad
:10993c001e0078001040780001000100050037007f
:10994c004e289000900078001e007800104078009f
:10995c00010001001e0fe8001e0078001040780086
:10996c000004e00085fe3a00010037000000000012
:10997c004f0478000080fa00000006000000fa0096
:10998c00d1c4b300001920005f0307000080fa0067
:10999c00000006000000fa00c1668000b06680007e
:1099ac0080805000f01f200000806000012020000b
:1099bc00008050000080fa00000006000000fa0051
:1099cc00106680000080fa00000006000000fa001b
:1099dc007f0007000080fa00000006000200fa0079
:1099ec00004f78001e407800610007000080fa00ec
:1099fc00000006000000fa007f0307000004e000ee
:109a0c0007003a0060cd2000bd010700e0cfb30095
:109a1c002ee8b70010c0b3002ce8b7009a0307007b
:109a2c000080fa00000006000000fa000000eb00c5
:109a3c00d06588000000eb00e06588000000eb00ba
:109a4c00f06588000000eb00006688000000eb0069
:109a5c00106688000000eb00206688000000eb0018
:109a6c00306688000000eb00406688000000eb00c8
:109a7c00506688000080fa00000006000000fa0022
:109a8c000000eb00b06688000000eb00c0668800a8
:109a9c000000eb00d06688000000eb00e066880058
:109aac000000eb00f06688000000eb000067880007
:109abc000000eb00106788000000eb0020678800b6
:109acc000000eb00306788000080fa000000060000
:109adc000000fa000000eb00306788000080fa00fc
:109aec00000006000000fa00d0668000c066880006
:109afc0000678000f06688000080fa000000060015
:109b0c000200fa00004f78001e4078000004e000cc
:109b1c0006003a00006680000000e00003003200fe
:109b2c00a0cb2000560007000f00370071668000a4
:109b3c00d0658000008040009e407800014878008d
:109b4c00d06580000000e800d065880000668000c9
:109b5c000000e80000668800d165800090668000f7
:109b6c0000806000d06588000080fa0000000600cc
:109b7c000200fa00004f780051678000b066800048
:109b8c00008040009e40780001487800b06680005c
:109b9c000000e800b0668800e06680000000e80085
:109bac00e0668800b166800070678000008060000d
:109bbc00b06688001e4078000004e00002003a0005
:109bcc0060cd20002d0107000080fa000000060087
:109bdc000200fa0071668000e065800000804000a1
:109bec00104f7800e06580000000e800e065880018
:109bfc00106680000000e90010668800e1658000b6
:109c0c009066800000806000e06588001e4078004f
:109c1c000080fa00000006000200fa005167800084
:109c2c00c066800000804000104f7800c066800045
:109c3c000000e800c0668800f06680000000e900c3
:109c4c00f0668800c166800070678000008060004c
:109c5c00c06688001e4078000080fa0000000600f4
:109c6c000000fa0001003700ebff0700f0668000ef
:109c7c000000e000fcff3a000080fa000000060043
:109c8c000200fa00000f78001e0078009008900087
:109c9c001e00780060009000000040000080400032
:109cac009e007800b1009000010878001e0078003a
:109cbc00600090008000e8001e00780061009800b1
:109ccc001e007800000890008000e8001e0078005c
:109cdc00010898001e0078008000eb00310098000d
:109cec001e007800e00090001e00780050089000e4
:109cfc00808060001e007800610098000080fa00ef
:109d0c00000006000200fa00000f78001e00780028
:109d1c00900890001e007800700090000000400039
:109d2c0000804000900078001e00780041009800f0
:109d3c001e007800900090001e0078002100980012
:109d4c001e007800c00090001e00780051009800a2
:109d5c001e007800700090008000e8001e00780063
:109d6c00710098001e007800000890008000e90047
:109d7c001e007800010898001e007800f00090008a
:109d8c001e00780050089000808060001e00780053
:109d9c00710098000080fa00000006000200fa0032
:109dac00a70207000004e0001a0032000040eb009c
:109dbc00cd020700004f7800a70207000004e00066
:109dcc0003003a0020c0b3002de8b70011003700a3
:109ddc002dc8bf00e24f500009003a0034c8bf0044
:109dec009e40780080cf50000300320030c0b3009a
:109dfc002de8b700070037002d68ef00050037008d
:109e0c002dc8bf00e34f500002003a001e407800fe
:109e1c003bff07000080fa00000006000200fa0079
:109e2c007b0207000004e000040032006a02070015
:109e3c002c68ef002bff07002e0037007a0207007a
:109e4c000004e000020032002c68ef00290037000b
:109e5c00690207000004e000260032002cc8bf0095
:109e6c00e14f50001c003a002ec8bf00e24f4000ea
:109e7c0006003a000040eb00950207002ec8bf0018
:109e8c000040e8002ee8b7001a0037002ec8bf00cb
:109e9c00e14f400006003a0034c8bf008c020700b6
:109eac002ec8bf000040e8002ee8b70011003700b4
:109ebc0059ff0700004f78001e4078000004e000b6
:109ecc0002003a0020c0b3002ce8b7001e40780016
:109edc007f020700070037002cc8bf00e24f50007c
:109eec0004003a002c68ef0010c0b3002fe8b70054
:109efc006e0207000080fa00000006000400fa0061
:109f0c00000f7800214798002e4090008080fb00c5
:109f1c001e007800605090000000fb00808f500005
:109f2c0003003a001e0078005400070018003700a8
:109f3c001e007800a00890001e0078001000780029
:109f4c0000804000ae409000014878001e00780070
:109f5c00100078008000e8001e00780001087800ee
:109f6c001e007800300090008000e8001e00780091
:109f7c00310098001e007800900078001e007800d8
:109f8c0040089000808060001e0078000108780076
:109f9c000080fa00000006000400fa00000f7800b0
:109fac00214798001e007800a00890001e00780041
:109fbc001000780000804000ae409000014878000e
:109fcc001e007800100078008000e8001e00780069
:109fdc00010878001e007800300090008000e80036
:109fec001e007800310098001e0078009000780068
:109ffc001e00780040089000808060001e007800f1
:10a00c00010878000080fa00000006000400fa0045
:10a01c00100798001e009000a00890001e009000f1
:10a02c001000900000804000104f78001e0090003f
:10a03c00100090008000e8001e00900011009800b5
:10a04c001e009000400090008000e9001e0090006f
:10a05c00410098001e009000900090001e0090009f
:10a06c0040089000808060001e0090001100980055
:10a07c001e4078000080fa00000006000200fa0082
:10a08c00000f78001e007800900890001e007800e9
:10a09c006000900000004000008040009e007800ae
:10a0ac00b1009000010878001e007800600090005c
:10a0bc008000e8001e007800610098001e00780007
:10a0cc00000890008000e8001e007800010898004d
:10a0dc001e0078008000eb00310098001e00780014
:10a0ec00e00090001e007800500890008080600016
:10a0fc001e007800610098000080fa000000060045
:10a10c000200fa00000f78001e0078009008900002
:10a11c001e0078007000900000004000008040009d
:10a12c00900078001e007800410098001e00780016
:10a13c00900090001e007800210098001e0078000e
:10a14c00c00090001e007800510098001e0078009e
:10a15c00700090008000e8001e00780071009800ec
:10a16c001e007800000890008000e9001e007800b6
:10a17c00010898001e007800f00090001e00780086
:10a18c0050089000808060001e00780071009800dc
:10a19c000080fa00000006000200fa00000f7800b0
:10a1ac001e007800a00090001e007800110098009e
:10a1bc001e007800d00090001e007800410098002e
:10a1cc000080fa00000006000200fa00000f780080
:10a1dc001e007800900090001e0078004000900057
:10a1ec00808040001e007800110098001e0078004e
:10a1fc00900090001e007800400890008080600065
:10a20c001e007800110098001e0078008000eb0002
:10a21c00410098000080fa00000006000000fa00df
:10a22c00c8a2a900c8c2a900caa2a800cac2a90093
:10a23c002d23a90090c0b300cc0007002668ef00c6
:10a24c006000b80010418800214188000080fa00ad
:10a25c00000006001800fa00889fbe0026c8bf0048
:10a26c000080fb000000e00003003200e10f500012
:10a27c000800320088003700caa2a800cac2a90090
:10a28c0060648000f040880010c0b30026e8b7007e
:10a29c0081003700caa2a900cac2a800606480006d
:10a2ac0000418800f04080008000eb003dd90700a1
:10a2bc0072422100230424001edb070002002c0044
:10a2cc00f34724003cda0700a2702d0033ca2300a8
:10a2dc0054d907001007980021079800004180000e
:10a2ec008000eb002fd907007242210023042400c8
:10a2fc0010db070002002c00f34724002eda0700c5
:10a30c00a2702d0033ca230046d9070030079800ed
:10a31c00410798003e019000ce0190001e00900075
:10a32c00ae0090003fd907005007980061079800d5
:10a33c0018c0b300f226210033a823001e009000a1
:10a34c00ae009000d6d807000000e00001003c00f1
:10a35c000044eb000804e0003000320018c0b300e9
:10a36c00f226210033a823003e009000ce0090007e
:10a37c00cbd807000000e00001003c000044eb00db
:10a38c000804e00025003200d2cc2c00b34024009d
:10a39c005e009000ee009000e6da07001e019000cf
:10a3ac00ae01900004da0700d2cc2c00b34024009c
:10a3bc0013d9070070079800010f98003e01900018
:10a3cc00ce0190005e009000ee009000fad90700dc
:10a3dc000200200003f8230009d907000001be0089
:10a3ec00d0cc2c00b1402400f3d90700100f9800fa
:10a3fc00210f98001e099000ae0990007e0090007d
:10a40c008e08900007d907000200200003002400ea
:10a41c00e9d90700104188002141880010418000d3
:10a42c0021418000a0d80700300f9800184180000f
:10a43c00294180003e089000cf80de00d6d807006e
:10a44c000001be000800be00edd80700020020008d
:10a45c00832c2400b7da070093d80700000f78008c
:10a46c001e0078000000e00001003d001e0fea0015
:10a47c009e1f7800be089000811f7800606f2c0032
:10a48c00801f780060d62000badc0700e6875700f2
:10a49c002668ef00000000004f04be000080fa00a8
:10a4ac00000006000000fa001041800021418000ed
:10a4bc000080fa00000006000200fa00000f78008d
:10a4cc0061d620001e007800c3dd07000080fa0072
:10a4dc00000006000000fa000119800000002800ae
:10a4ec00008060000000e0001d003a009000200099
:10a4fc00401988002043a80001198000000e20009c
:10a50c0001007000001988002343a8002223a90031
:10a51c0032c8bf000040e9006f4060000080fb00c3
:10a52c006f0060004200dd001219800031fc2f002a
:10a53c008100610001007000101988002119800051
:10a54c00f00f2e008080600000a020000100700041
:10a55c002019880040c1b30024e3b70021e3a80010
:10a56c002023a8000080fa00000006000600fa0074
:10a57c00404798004e409000ef4f50003c003e008a
:10a58c004e4090000080fb00a1c9200012c0b30017
:10a59c008270780032c8bf008080fb00a2ca200005
:10a5ac00ce41900003f178000040e80032e8b7009b
:10a5bc000000eb00000f78000000eb001007980083
:10a5cc000f003700a1c920001e0090000080400041
:10a5dc0010407800e14f500006003a001e00900039
:10a5ec0080407800a0ca20001e004000014878007e
:10a5fc001e0fe8001e0090000000e80010079800f5
:10a60c001e009000ef0f5000eeff34004e40900003
:10a61c000080fb00110020000008dd000080ea0033
:10a62c00800078006019800000806000601988004c
:10a63c004e4090000080fb00110020000008dd005f
:10a64c00800078008019800001007000801988005b
:10a65c000119800000002800008060000000e0006c
:10a66c000100320021e3a9009aff07000100370026
:10a67c00000000000080fa00000006000200fa0052
:10a68c002104800000002200008060000000e00037
:10a69c001b00320085a0a9000040eb00004f7800a1
:10a6ac00130037001e80fb00a1ca20006141780016
:10a6bc00124798001e4090000080fb009e80fb001b
:10a6cc0081804000010178000130200081004100b0
:10a6dc0011017800f13f2000810061000001400071
:10a6ec00a0c7200000004100010878001e4fe800c0
:10a6fc0032c8bf009e40780080cf5000e9ff39007f
:10a70c000080fa00000006000400fa00000f780038
:10a71c00214798001e0078008000eb00823e20004c
:10a72c000289b900020178006002b9008401780046
:10a73c0003014100833e20000300b80001014100e9
:10a74c008200780061004000e080480015d80700c6
:10a75c00d2cc2c00c3fc230032d807000001be0071
:10a76c000040220041b7240013d90700efd707009f
:10a77c0000007800a01088001602a9001642a9005b
:10a78c001622a9001662a9001682a90016a2a90019
:10a79c0016c2a90016e2a8001702a9001722a800e9
:10a7ac001742a9001762a9001782a80017a2a800d7
:10a7bc002e4090000080fb00d01088001022ef008b
:10a7cc001222ef0017e2a8009a40a8009a20a800d5
:10a7dc000080fa00000006000000fa001942a900ef
:10a7ec000080fa00000006000000fa0018c2a90060
:10a7fc000080fa00000006000000fa00c010800083
:10a80c004300de00614060000080fa00000006009a
:10a81c000000fa00c01080004a00de0061406000b9
:10a82c000080fa00000006000000fa00c010800052
:10a83c004400de00614060000080fa000000060069
:10a84c000000fa00c01080000000d10061406000e0
:10a85c000080fa00000006000000fa00c010800022
:10a86c004500de00614060000080fa000000060038
:10a87c000000fa00c01080004600de00614060005d
:10a88c000080fa00000006000000fa001602a80082
:10a89c0000000000b0108000610060000000e000cb
:10a8ac00fcff3a000080fa00000006000000fa00ed
:10a8bc001642a80000000000b01080006400600088
:10a8cc000000e000fcff3a000080fa0000000600e7
:10a8dc000200fa00004f78001e80fb0090108800e8
:10a8ec000080fa00000006000400fa0020479800df
:10a8fc000040eb00004f780080108000004f780083
:10a90c001782a8001e4078000080fa0000000600a4
:10a91c000200fa0068005700000f780010c0b30066
:10a92c0093fc07001e00780000017800ceb8970059
:10a93c0020702c0083fa07000040eb008cfc070011
:10a94c000080fa00000006000200fa0068005700c0
:10a95c00000f780030c0b30085fc07001e007800a3
:10a96c0000017800ceb8970020702c0075fa070013
:10a97c000040eb007efc07000080fa00000006009f
:10a98c000200fa0068005700000f780040c0b300c6
:10a99c0077fc070090c0b30075fc07001e00780020
:10a9ac0000017800ceb8970020702c0065fa0700e3
:10a9bc000040eb006efc07000080fa00000006006f
:10a9cc000000fa00edfb070017fc07002bfc07004a
:10a9dc003ffc07000080fa00000006000200fa00ad
:10a9ec00a3ff07000004e000010032007eff070017
:10a9fc00506680000000e00030003200a0cb200048
:10aa0c00bffd070072fc0700004f78001e40780065
:10aa1c000004e00005003a00106680000000e00031
:10aa2c00020032006afc0700004f78001e00fb0099
:10aa3c00e10f500005003200e30f50000800320017
:10aa4c001900370062fc070001003700000000000d
:10aa5c00106680000000e000faff3a001700370093
:10aa6c00106680000000e0001300320058fc070064
:10aa7c008000fb0020052000808f500003003a006e
:10aa8c000700370052fc07000100370000000000ef
:10aa9c00106680000000e000faff3a0000000000a1
:10aaac00060037004afc0700106680000000e0003a
:10aabc00fcff3a0001003700000000002fc8bf0067
:10aacc00e14f500005003a0057ff07000004e0007a
:10aadc00020032002f68ef0061fc07003067800035
:10aaec000000e0000900320043ff07000004e00012
:10aafc0006003a002fc8bf00e14f500002003a0098
:10ab0c002f68ef0001003700bafb07000080fa0045
:04ab1c00000006002f
:020000040000fa
:10ab200030080000020000000000000028080000bb
:10ab30000400000000000000000800000a000000ff
:10ab4000000000000a0800000a00000000000000e9
:10ab5000140800000a000000000000007a0c000049
:10ab60004000000000000000320800000200000069
:10ab700000000000660d0000080000000200000058
:10ab8000302e300030000000000000001e080000e1
:10ab90000a00000000000000ba0c000038000000ad
:10aba00002000000000000000000000000000000a3
:10abb0000000000000000000000000003a0c3a0015
:10abc00008000000ff010f0000000000000000006e
:10abd0000000000000000000000000000000000075
:10abe000005a0c003a0a000000ff01000f000000ac
:10abf0003a08000040040000000000003408000093
:10ac00000200000002000000c40000002c08000048
:10ac100004000000000000003608000002000000f0
:10ac200000000000380800000200000000000000e2
:10ac30006e0d00000200000000000000280d000062
:10ac40001e00000002000000286e69006c29000050
:10ac500025006800076c09004c836a009074a0000e
:10ac60007ac000008068880000846c008200810047
:10ac7000f20c00003600000002000000696e660061
:10ac8000696e6900747900006e616e0000000a0050
:10ac9000000000006400000000e803000000100055
:10aca00027000000a0860100004042000f00800045
:10acb0009698000000e1f500055f70008900ff0034
:10acc000092f0f00460d00001000000002000000d8
:10acd000494e460000696e0066004e00414e00007d
:10ace0006e616e0000000000560d000010000000b4
:10acf00002000000494e460000696e0066004e00ea
:10ad0000414e00006e616e0000000000700d0000fa
:0cad100002000000000000000000000035
:020000040000fa
:10ad1c000000fa00c042a9000080fa000000060002
:10ad2c000600fa00000f780011079800220798001f
:10ad3c00c242a8009e007800014088009e0090004e
:10ad4c0011408800ae00900021408800d40007001c
:10ad5c0030408800414088000080fa000000060066
:10ad6c000000fa00104080000000e00029003200d2
:10ad7c00cb0007000001be00304080004140800045
:10ad8c000001510081815900104080008000eb00cf
:10ad9c00800f5100818f5900120036002040800036
:10adac000000e00007003200204080000000e900b5
:10adbc0020408800204080000000e00001003a00a4
:10adcc000228ef00104080000000e000110032006b
:10addc00c242a800b2000700304088004140880001
:10adec000c003700ae0007000001be0030408000b0
:10adfc0041408000000151008181590000408000d9
:10ae0c008000eb00800f5100818f5900010036004b
:10ae1c00c242a9000080fa00000006000000fa00ff
:10ae2c00c062a9000080fa00000006000600fa00cb
:10ae3c00000f78001107980022079800c262a80042
:10ae4c009e007800514088009e0090006140880070
:10ae5c00ae0090007140880091000700804088008f
:10ae6c00914088000080fa00000006000000fa0003
:10ae7c00604080000000e0002900320088000700dc
:10ae8c000001be0080408000914080000001510014
:10ae9c0081815900604080008000eb00800f5100e0
:10aeac00818f590012003600704080000000e000d5
:10aebc0007003200704080000000e90070408800fc
:10aecc00704080000000e00001003a000c28ef0008
:10aedc00604080000000e00011003200c262a80057
:10aeec006f00070080408800914088000c003700fc
:10aefc006b0007000001be00804080009140800084
:10af0c000001510081815900504080008000eb000d
:10af1c00800f5100818f590001003600c262a900d8
:10af2c000080fa00000006000600fa00008fbe0048
:10af3c00424798001e01be00c2408800d3408800e2
:10af4c00ce409000c3812000814978005400070056
:10af5c00a0408800b14088000080fa000000060084
:10af6c000000fa00c0408000d1408000e00f50008b
:10af7c00e08f580017003200490007000001be00a6
:10af8c00a0408000b1408000000151008181590037
:10af9c00c0408000d1408000800f5100818f59004b
:10afac000c003600c18120009140780040c5b300f0
:10afbc0080cf500003003a001828ef001a28ef0049
:10afcc000300370036000700a0408800b14088001d
:10afdc000d0007000080fa00000006000000fa00d7
:10afec006200200001192000400620004cff0700e1
:10affc0012c4b300007d200001002000caff07002e
:10b00c000080fa00000006000000fa001200200088
:10b01c00010f2000c003200084ff070021fd070062
:10b02c00c2d5070000007800b0418800b041800014
:10b03c00801f780060702c00801f780034fe0700a1
:10b04c00e48757000080fa00000006000000fa00b8
:10b05c0000042300203a88000080eb00601988006f
:10b06c000080fa00000006000000fa00f7ff07005d
:10b07c001900070026ff070068ff070067fc0700a0
:10b08c004ffe0700d5ff070035ff070077ff0700cd
:10b09c00b3ff07006ffc070050fe0700faff3700f4
:10b0ac000000fa0040418000514180000080fa000d
:10b0bc00000006000000fa00404180005141800071
:10b0cc0061004000e0804800404188005141880008
:10b0dc000080fa00000006000000fa00008625003f
:10b0ec00020007000080fa00000006000200fa00cf
:10b0fc00000f78009e007800814188000002280033
:10b10c00f0088800a00f2000d00888009760a800e5
:08b11c000080fa0000000600ab
:00000001FF
